2014/05/14,6091,26,10086,33,2,2.3,3.2,27.34
2014/05/14,6091,26,10965,72,1,1.3,1.9,27.34
2014/05/14,6091,26,11797,26,7,2.5,2.5,27.34
2014/05/14,6091,26,11838,70,5,4.6,6,27.34
2014/05/14,6091,26,12548,28,7,2.5,2.5,27.34
2014/05/14,6091,26,1257,44,1,1.3,1.9,27.34
2014/05/14,6091,26,12984,7,4,2.8,3.4,27.34
2014/05/14,6091,26,13068,29,7,5.6,7.3,27.34
2014/05/14,6091,26,13415,32,1,1.3,1.9,27.34
2014/05/14,6091,26,13439,80,1,1,1.3,27.34
2014/05/14,6091,26,13615,43,1,1.3,1.9,27.34
2014/05/14,6091,26,13631,1,2,2,1.7,27.34
2014/05/14,6091,26,13796,27,3,3,5.1,27.34
2014/05/14,6091,26,14128,60,5,6.3,8.9,27.34
2014/05/14,6091,26,1741,56,2,2.3,3.1,27.34
2014/05/14,6091,26,2391,57,3,2,2.2,27.34
2014/05/14,6091,26,251930,30,3,3.6,5,27.34
2014/05/14,6091,26,251942,21,8,6.7,6.7,27.34
2014/05/14,6091,26,251970,18,8,7.4,9.6,27.34
2014/05/14,6091,26,251976,82,3,3.6,5.1,27.34
2014/05/14,6091,26,251985,6,2,2.3,3.6,27.34
2014/05/14,6091,26,251988,8,1,1.3,1.9,27.34
2014/05/14,6091,26,255825,77,5,5,3.8,27.34
2014/05/14,6091,26,255845,78,3,3.1,4.3,27.34
2014/05/14,6091,26,255892,51,3,3.6,5,27.34
2014/05/14,6091,26,256450,61,2,1,1,27.34
2014/05/14,6091,26,256472,68,9,3.5,3.5,27.34
2014/05/14,6091,26,256476,5,2,1.8,2.4,27.34
2014/05/14,6091,26,256484,11,3,3.7,5.6,27.34
2014/05/14,6091,26,256495,36,2,2,2.9,27.34
2014/05/14,6091,26,259649,54,2,2.7,3.9,27.34
2014/05/14,6091,26,260816,49,3,1.5,1.5,27.34
2014/05/14,6091,26,261431,71,62,47.3,54.6,27.34
2014/05/14,6091,26,264668,19,2,1.5,1.7,27.34
2014/05/14,6091,26,264681,2,20,11,11.5,27.34
2014/05/14,6091,26,264898,45,6,3.5,3.7,27.34
2014/05/14,6091,26,286507,66,2,2.6,3.8,27.34
2014/05/14,6091,26,286511,67,4,2,2.4,27.34
2014/05/14,6091,26,286823,59,2,2.3,3.1,27.34
2014/05/14,6091,26,2907,55,3,3.3,4.3,27.34
2014/05/14,6091,26,290781,52,3,3.2,4.4,27.34
2014/05/14,6091,26,290782,46,2,2.3,3.6,27.34
2014/05/14,6091,26,291502,24,3,1.9,2.5,27.34
2014/05/14,6091,26,293253,20,26,10.7,11.9,27.34
2014/05/14,6091,26,293607,37,9,3.5,3.5,27.34
2014/05/14,6091,26,293817,58,7,2.5,2.5,27.34
2014/05/14,6091,26,294228,4,3,2.5,2.9,27.34
2014/05/14,6091,26,294703,9,4,3.3,4.1,27.34
2014/05/14,6091,26,295795,73,3,2,2.7,27.34
2014/05/14,6091,26,295848,12,1,1.3,1.9,27.34
2014/05/14,6091,26,3228,62,2,2.3,3.6,27.34
2014/05/14,6091,26,3545,3,3,2.3,2.9,27.34
2014/05/14,6091,26,4401,81,1,1,1.3,27.34
2014/05/14,6091,26,445783,64,3,2.3,3,27.34
2014/05/14,6091,26,446026,15,3,2.3,3.7,27.34
2014/05/14,6091,26,446429,50,13,9.8,12.3,27.34
2014/05/14,6091,26,447052,34,4,2.6,3.3,27.34
2014/05/14,6091,26,447306,74,2,2.3,3.1,27.34
2014/05/14,6091,26,447440,10,4,3.2,4.4,27.34
2014/05/14,6091,26,448294,31,2,2.6,3.8,27.34
2014/05/14,6091,26,448723,42,1,1.3,1.9,27.34
2014/05/14,6091,26,4527,53,3,2.9,4.1,27.34
2014/05/14,6091,26,4648,83,8,5.3,5.1,27.34
2014/05/14,6091,26,5088,69,4,3.6,4.8,27.34
2014/05/14,6091,26,545,13,2,2.6,3.8,27.34
2014/05/14,6091,26,566,35,3,2.3,2.9,27.34
2014/05/14,6091,26,5718,40,1,1.3,1.9,27.34
2014/05/14,6091,26,5721,39,3,1.5,1.7,27.34
2014/05/14,6091,26,5801,41,2,1,1,27.34
2014/05/14,6091,26,6396,16,2,1,1,27.34
2014/05/14,6091,26,6847,23,2,1.8,2.4,27.34
2014/05/14,6091,26,6913,79,6,4.6,5.8,27.34
2014/05/14,6091,26,7610,65,2,2.3,3.1,27.34
2014/05/14,6091,26,8634,14,3,2.9,4.1,27.34
2014/05/14,6091,26,890898,63,2,2.3,3.1,27.34
2014/05/14,6091,26,893816,17,2,1.5,1.7,27.34
2014/05/14,6091,26,895807,76,3,2,2.2,27.34
2014/05/14,6091,26,895934,75,7,3.9,4.8,27.34
2014/05/14,6091,26,896210,38,11,8.9,11.2,27.34
2014/05/14,6091,26,897398,22,2,2,3.4,27.34
2014/05/14,6091,26,9001,25,3,3.1,4.3,27.34
2014/05/14,6091,26,9859,47,4,2.8,3.4,27.34
2014/05/14,6091,26,9877,48,3,1,1,27.34
2014/05/14,7002,26,1031,55,5,4.1,5.2,23.36
2014/05/14,7002,26,10384,65,3,3,3.9,23.36
2014/05/14,7002,26,10951,6,7,6.7,9.1,23.36
2014/05/14,7002,26,11061,67,4,2,2,23.36
2014/05/14,7002,26,11198,38,5,3.3,3.9,23.36
2014/05/14,7002,26,11802,34,3,3.6,5,23.36
2014/05/14,7002,26,11812,60,5,3.5,3.9,23.36
2014/05/14,7002,26,11813,61,2,2.3,3.1,23.36
2014/05/14,7002,26,11893,36,2,2.3,3.1,23.36
2014/05/14,7002,26,11995,74,3,2.8,3,23.36
2014/05/14,7002,26,1260,52,5,4.6,6.2,23.36
2014/05/14,7002,26,1323,63,3,1.5,1.8,23.36
2014/05/14,7002,26,13526,15,5,5,5.6,23.36
2014/05/14,7002,26,13561,23,5,4.3,6.3,23.36
2014/05/14,7002,26,13625,35,2,1.8,2.4,23.36
2014/05/14,7002,26,13724,25,2,1,1,23.36
2014/05/14,7002,26,13778,70,1,1.3,1.9,23.36
2014/05/14,7002,26,13860,47,2,1,1,23.36
2014/05/14,7002,26,14026,69,1,1.3,1.9,23.36
2014/05/14,7002,26,14027,62,6,2.6,2.6,23.36
2014/05/14,7002,26,14028,58,3,2.3,3,23.36
2014/05/14,7002,26,1496,53,2,2.6,3.8,23.36
2014/05/14,7002,26,1896,54,9,4.8,5.6,23.36
2014/05/14,7002,26,1973,4,6,7.8,11.4,23.36
2014/05/14,7002,26,2100,32,5,3.8,4.8,23.36
2014/05/14,7002,26,2107,66,6,6.1,7.9,23.36
2014/05/14,7002,26,2355,37,2,2.6,3.8,23.36
2014/05/14,7002,26,2536,71,7,6.9,9.2,23.36
2014/05/14,7002,26,261650,3,3,3.3,4.4,23.36
2014/05/14,7002,26,261656,14,2,1.3,1.4,23.36
2014/05/14,7002,26,2849,9,2,2,2.5,23.36
2014/05/14,7002,26,2909,12,9,12,17.4,23.36
2014/05/14,7002,26,2926,33,7,3.5,3.5,23.36
2014/05/14,7002,26,292966,68,6,2.8,2.8,23.36
2014/05/14,7002,26,294731,8,2,2.3,3.1,23.36
2014/05/14,7002,26,295286,2,3,2.3,2.5,23.36
2014/05/14,7002,26,295716,24,2,1.5,2.3,23.36
2014/05/14,7002,26,295851,31,1,1.3,1.9,23.36
2014/05/14,7002,26,296009,16,4,3.3,4.7,23.36
2014/05/14,7002,26,296673,39,2,1.8,2.4,23.36
2014/05/14,7002,26,3269,56,4,2,2,23.36
2014/05/14,7002,26,3271,57,4,4,4.8,23.36
2014/05/14,7002,26,3931,21,3,2.3,3,23.36
2014/05/14,7002,26,4032,30,1,1,1.2,23.36
2014/05/14,7002,26,4440,73,9,7,6.7,23.36
2014/05/14,7002,26,4444,28,3,2.3,2.9,23.36
2014/05/14,7002,26,4455,10,8,8,7.7,23.36
2014/05/14,7002,26,445833,13,4,3.6,4.8,23.36
2014/05/14,7002,26,446102,29,6,5.9,8,23.36
2014/05/14,7002,26,447318,27,2,2.6,3.8,23.36
2014/05/14,7002,26,5329,19,5,3.8,4.8,23.36
2014/05/14,7002,26,5475,72,5,5.9,8.1,23.36
2014/05/14,7002,26,562,48,6,3,3,23.36
2014/05/14,7002,26,5802,43,3,2.8,3.6,23.36
2014/05/14,7002,26,5847,41,8,5.9,7.1,23.36
2014/05/14,7002,26,5859,40,5,5,6.5,23.36
2014/05/14,7002,26,5891,42,2,1.8,2.4,23.36
2014/05/14,7002,26,6162,26,9,8.4,10.6,23.36
2014/05/14,7002,26,6386,59,2,2.6,3.8,23.36
2014/05/14,7002,26,6777,20,4,2.5,2.4,23.36
2014/05/14,7002,26,6809,18,2,1.5,1.7,23.36
2014/05/14,7002,26,728,5,5,4,7.7,23.36
2014/05/14,7002,26,8729,17,3,3.3,4.8,23.36
2014/05/14,7002,26,8823,7,5,2.5,2.2,23.36
2014/05/14,7002,26,884,51,3,1.3,1.3,23.36
2014/05/14,7002,26,894031,44,5,5.3,6.7,23.36
2014/05/14,7002,26,895979,46,7,2.9,3,23.36
2014/05/14,7002,26,8979,49,9,9,9.6,23.36
2014/05/14,7002,26,9079,22,5,4.1,5.1,23.36
2014/05/14,7002,26,9154,11,4,4,3.4,23.36
2014/05/14,7002,26,9197,50,5,5,5.6,23.36
2014/05/14,7002,26,9413,64,4,2.5,2.3,23.36
2014/05/14,7002,26,9593,45,23,20,20.2,23.36
2014/05/14,7002,26,9920,1,2,1.3,1.4,23.36
2014/05/14,7003,26,10121,14,2,2.7,3.9,26.35
2014/05/14,7003,26,10736,47,8,5,4.1,26.35
2014/05/14,7003,26,10932,64,27,12.5,12.5,26.35
2014/05/14,7003,26,11154,28,1,1.3,1.9,26.35
2014/05/14,7003,26,11278,37,2,2.7,3.9,26.35
2014/05/14,7003,26,11365,35,1,1.3,1.9,26.35
2014/05/14,7003,26,11549,66,4,2,2,26.35
2014/05/14,7003,26,11799,52,3,2,2,26.35
2014/05/14,7003,26,11840,44,2,1.8,2.4,26.35
2014/05/14,7003,26,11886,20,2,1,0,26.35
2014/05/14,7003,26,11932,42,3,3.7,5.1,26.35
2014/05/14,7003,26,12835,51,2,1.5,1.7,26.35
2014/05/14,7003,26,12950,65,2,2,2.4,26.35
2014/05/14,7003,26,1301,40,2,1.8,2.4,26.35
2014/05/14,7003,26,13232,16,2,1.5,2.2,26.35
2014/05/14,7003,26,13428,4,19,9.5,8.5,26.35
2014/05/14,7003,26,13938,26,1,1.3,1.9,26.35
2014/05/14,7003,26,13939,36,4,3.1,4,26.35
2014/05/14,7003,26,1449,62,4,1.6,1.6,26.35
2014/05/14,7003,26,1758,10,2,2.1,2.8,26.35
2014/05/14,7003,26,2073,12,5,4.9,6.6,26.35
2014/05/14,7003,26,2221,53,2,2.6,3.8,26.35
2014/05/14,7003,26,255455,55,6,3.5,3.5,26.35
2014/05/14,7003,26,255515,11,8,9.6,13.2,26.35
2014/05/14,7003,26,255517,8,4,2.8,3.4,26.35
2014/05/14,7003,26,255527,43,3,1.5,1.5,26.35
2014/05/14,7003,26,259317,30,2,2.6,3.8,26.35
2014/05/14,7003,26,259323,29,2,2.6,3.8,26.35
2014/05/14,7003,26,259329,34,7,5.2,5.4,26.35
2014/05/14,7003,26,259358,49,3,2.3,2.9,26.35
2014/05/14,7003,26,262092,56,27,13.5,13.5,26.35
2014/05/14,7003,26,2622,63,4,2,2,26.35
2014/05/14,7003,26,263712,18,1,1,1,26.35
2014/05/14,7003,26,264758,54,4,3,3.3,26.35
2014/05/14,7003,26,288002,19,2,1,0,26.35
2014/05/14,7003,26,291652,15,1,1.3,1.9,26.35
2014/05/14,7003,26,293279,46,3,3.2,4.4,26.35
2014/05/14,7003,26,294286,13,2,2.6,3.8,26.35
2014/05/14,7003,26,295829,50,1,1.3,1.9,26.35
2014/05/14,7003,26,296647,27,1,1.3,1.9,26.35
2014/05/14,7003,26,3180,24,2,1.8,2.4,26.35
2014/05/14,7003,26,4095,1,7,6.8,8.7,26.35
2014/05/14,7003,26,446220,58,3,2.3,3.1,26.35
2014/05/14,7003,26,446369,23,2,1,1,26.35
2014/05/14,7003,26,446592,17,1,1.3,1.9,26.35
2014/05/14,7003,26,446753,32,2,1,1,26.35
2014/05/14,7003,26,447142,25,1,1.3,1.9,26.35
2014/05/14,7003,26,447284,21,1,1.3,1.9,26.35
2014/05/14,7003,26,4576,6,9,5.4,9.3,26.35
2014/05/14,7003,26,4583,67,4,2,2,26.35
2014/05/14,7003,26,4737,22,1,1.3,1.9,26.35
2014/05/14,7003,26,5403,31,5,4.6,6.2,26.35
2014/05/14,7003,26,5412,41,7,4.8,11.7,26.35
2014/05/14,7003,26,5561,7,6,6,8.4,26.35
2014/05/14,7003,26,5910,3,2,2,1.7,26.35
2014/05/14,7003,26,6291,59,1,1.3,1.9,26.35
2014/05/14,7003,26,7646,60,1,1.3,1.9,26.35
2014/05/14,7003,26,8653,39,3,3,3,26.35
2014/05/14,7003,26,895669,38,1,1.3,1.9,26.35
2014/05/14,7003,26,896202,45,2,2.6,3.8,26.35
2014/05/14,7003,26,896350,9,4,3.6,4.9,26.35
2014/05/14,7003,26,896861,5,1,1.3,1.9,26.35
2014/05/14,7003,26,897080,33,2,1.8,2.4,26.35
2014/05/14,7003,26,897207,48,3,4,5.8,26.35
2014/05/14,7003,26,9013,57,3,1.5,1,26.35
2014/05/14,7003,26,9302,2,6,5.1,6.5,26.35
2014/05/14,7003,26,9678,61,3,1.5,1.7,26.35
2014/05/14,7004,26,1003,31,5,4.9,6.7,48.63
2014/05/14,7004,26,10060,24,2,1,1,48.63
2014/05/14,7004,26,10158,48,4,2,1,48.63
2014/05/14,7004,26,11169,30,2,1,1,48.63
2014/05/14,7004,26,11620,80,1,1.3,1.9,48.63
2014/05/14,7004,26,11770,29,2,1,0,48.63
2014/05/14,7004,26,11853,52,2,2.3,3.1,48.63
2014/05/14,7004,26,1216,57,2,2.6,3.8,48.63
2014/05/14,7004,26,12856,54,2,1,1,48.63
2014/05/14,7004,26,12899,10,1,1.3,1.9,48.63
2014/05/14,7004,26,13470,53,2,2.3,3.6,48.63
2014/05/14,7004,26,13554,61,1,1.3,1.9,48.63
2014/05/14,7004,26,13582,75,3,2.3,3.1,48.63
2014/05/14,7004,26,13659,3,7,3.5,3.5,48.63
2014/05/14,7004,26,13686,12,4,3,2.7,48.63
2014/05/14,7004,26,13929,72,1,1.3,1.9,48.63
2014/05/14,7004,26,13956,84,2,1,1.2,48.63
2014/05/14,7004,26,1911,21,7,3.5,3.5,48.63
2014/05/14,7004,26,255668,82,2,1,1,48.63
2014/05/14,7004,26,258,7,3,2.5,2.9,48.63
2014/05/14,7004,26,2615,42,2,1.8,2.4,48.63
2014/05/14,7004,26,262861,79,3,2.3,2.9,48.63
2014/05/14,7004,26,262862,81,1,1.3,1.9,48.63
2014/05/14,7004,26,264830,76,1,1.3,1.9,48.63
2014/05/14,7004,26,265057,2,7,3.5,2.5,48.63
2014/05/14,7004,26,3408,23,9,5.3,5.9,48.63
2014/05/14,7004,26,351032,37,4,4.7,7.2,48.63
2014/05/14,7004,26,351797,67,1,1.3,1.9,48.63
2014/05/14,7004,26,351808,65,2,2.7,3.9,48.63
2014/05/14,7004,26,352247,18,6,3,3,48.63
2014/05/14,7004,26,353629,34,3,2.3,2.9,48.63
2014/05/14,7004,26,353852,74,1,1,1.7,48.63
2014/05/14,7004,26,353886,66,2,2.7,3.9,48.63
2014/05/14,7004,26,355278,33,7,4.4,5.2,48.63
2014/05/14,7004,26,357569,35,6,6.5,8.6,48.63
2014/05/14,7004,26,357573,38,5,4.1,5.3,48.63
2014/05/14,7004,26,357582,6,3,2,2.2,48.63
2014/05/14,7004,26,357614,22,29,14.9,16.4,48.63
2014/05/14,7004,26,357637,17,3,2,2.3,48.63
2014/05/14,7004,26,357638,14,30,30,27.7,48.63
2014/05/14,7004,26,357669,26,5,4.1,4.3,48.63
2014/05/14,7004,26,369430,71,4,5,7,48.63
2014/05/14,7004,26,370837,27,6,4,4.3,48.63
2014/05/14,7004,26,373,69,2,1,0,48.63
2014/05/14,7004,26,380881,44,3,2.4,2.7,48.63
2014/05/14,7004,26,381079,19,4,2,2,48.63
2014/05/14,7004,26,3852,41,5,4.5,5.8,48.63
2014/05/14,7004,26,390069,13,5,5,5.5,48.63
2014/05/14,7004,26,390084,40,2,1,1,48.63
2014/05/14,7004,26,396928,43,5,4.9,6.7,48.63
2014/05/14,7004,26,397146,9,1,1.3,1.9,48.63
2014/05/14,7004,26,397301,62,2,2.3,3.6,48.63
2014/05/14,7004,26,400206,4,9,7.6,10,48.63
2014/05/14,7004,26,4390,36,3,1.5,1.5,48.63
2014/05/14,7004,26,4432,78,2,2.6,3.8,48.63
2014/05/14,7004,26,444050,8,80,40,40,48.63
2014/05/14,7004,26,446612,83,2,1.5,1.7,48.63
2014/05/14,7004,26,446776,45,3,2.3,3.7,48.63
2014/05/14,7004,26,447382,32,1,1.3,1.9,48.63
2014/05/14,7004,26,447812,73,3,2,2.4,48.63
2014/05/14,7004,26,4587,51,10,5.5,5.7,48.63
2014/05/14,7004,26,481,77,3,4,5.8,48.63
2014/05/14,7004,26,4954,68,2,2.3,3.1,48.63
2014/05/14,7004,26,508,63,7,3.5,3.5,48.63
2014/05/14,7004,26,5458,5,10,5.5,5.7,48.63
2014/05/14,7004,26,5643,47,4,2.8,2.4,48.63
2014/05/14,7004,26,5803,1,10,4,4,48.63
2014/05/14,7004,26,5824,59,2,2.7,3.9,48.63
2014/05/14,7004,26,5848,70,2,1.8,2.5,48.63
2014/05/14,7004,26,6030,86,3,2.3,3.7,48.63
2014/05/14,7004,26,6637,55,2,2,2.5,48.63
2014/05/14,7004,26,7088,56,2,2,2.4,48.63
2014/05/14,7004,26,7141,28,3,2,2.2,48.63
2014/05/14,7004,26,7467,39,4,1.4,1.3,48.63
2014/05/14,7004,26,7516,20,1,1.3,1.9,48.63
2014/05/14,7004,26,764,15,4,2,2,48.63
2014/05/14,7004,26,8398,58,2,2.6,3.8,48.63
2014/05/14,7004,26,8661,16,5,5,2.9,48.63
2014/05/14,7004,26,8684,85,4,3.3,4.2,48.63
2014/05/14,7004,26,891778,64,4,4,4.7,48.63
2014/05/14,7004,26,891830,50,3,3.1,4.3,48.63
2014/05/14,7004,26,896160,46,4,1.6,0.6,48.63
2014/05/14,7004,26,897030,60,2,2.6,3.8,48.63
2014/05/14,7004,26,9355,25,3,2.8,3.4,48.63
2014/05/14,7004,26,9548,11,5,4.6,6,48.63
2014/05/14,7004,26,956,49,2,1,1.1,48.63
2014/05/14,7007,26,10120,69,4,2,2,28.82
2014/05/14,7007,26,10666,23,3,3.1,4.3,28.82
2014/05/14,7007,26,11140,51,2,1,0,28.82
2014/05/14,7007,26,11577,30,2,2.7,3.9,28.82
2014/05/14,7007,26,11861,59,3,3.6,5,28.82
2014/05/14,7007,26,11862,48,1,1.3,1.9,28.82
2014/05/14,7007,26,11863,53,3,4,5.8,28.82
2014/05/14,7007,26,11864,60,3,1.5,1.5,28.82
2014/05/14,7007,26,12366,61,1,1.3,1.9,28.82
2014/05/14,7007,26,12480,32,14,13,14,28.82
2014/05/14,7007,26,12957,55,3,2.3,2.9,28.82
2014/05/14,7007,26,13100,54,3,3.2,4.4,28.82
2014/05/14,7007,26,13246,11,3,2,2.7,28.82
2014/05/14,7007,26,13363,58,2,1.8,2.4,28.82
2014/05/14,7007,26,13830,50,7,2.5,2.5,28.82
2014/05/14,7007,26,14001,62,1,1.3,1.9,28.82
2014/05/14,7007,26,1445,46,2,1.8,2.4,28.82
2014/05/14,7007,26,1465,12,1,1.3,1.9,28.82
2014/05/14,7007,26,1706,21,3,2.5,3,28.82
2014/05/14,7007,26,2467,1,2,2,1.7,28.82
2014/05/14,7007,26,250030,76,8,4,4.2,28.82
2014/05/14,7007,26,256502,5,10,9.7,12.8,28.82
2014/05/14,7007,26,256504,7,2,2.6,3.8,28.82
2014/05/14,7007,26,261221,4,2,2.6,3.8,28.82
2014/05/14,7007,26,261242,56,2,2,3.4,28.82
2014/05/14,7007,26,262589,19,8,4.1,4.3,28.82
2014/05/14,7007,26,262590,18,5,3.5,4.6,28.82
2014/05/14,7007,26,263004,68,2,1.8,2.4,28.82
2014/05/14,7007,26,263060,64,7,2.5,2.5,28.82
2014/05/14,7007,26,264908,26,2,2.6,3.8,28.82
2014/05/14,7007,26,264911,75,6,5.6,5.6,28.82
2014/05/14,7007,26,270406,9,7,4.8,5.6,28.82
2014/05/14,7007,26,2706,13,3,1.5,1.5,28.82
2014/05/14,7007,26,288212,28,3,3.7,5.1,28.82
2014/05/14,7007,26,288214,35,2,2.3,3.1,28.82
2014/05/14,7007,26,288216,36,2,2,2.3,28.82
2014/05/14,7007,26,288226,24,2,2.6,3.8,28.82
2014/05/14,7007,26,288237,77,3,3,3.2,28.82
2014/05/14,7007,26,288263,40,9,5.1,6.3,28.82
2014/05/14,7007,26,288266,39,8,3.5,4.2,28.82
2014/05/14,7007,26,288267,38,2,2.7,3.9,28.82
2014/05/14,7007,26,288293,70,3,4,5.8,28.82
2014/05/14,7007,26,288295,63,3,2,2.3,28.82
2014/05/14,7007,26,288307,65,4,4.1,5.5,28.82
2014/05/14,7007,26,288378,31,2,1,1,28.82
2014/05/14,7007,26,290827,73,11,4.1,4.1,28.82
2014/05/14,7007,26,295335,52,5,5.3,6.3,28.82
2014/05/14,7007,26,295562,25,15,7.5,7.5,28.82
2014/05/14,7007,26,296621,43,2,1.8,2.4,28.82
2014/05/14,7007,26,296791,14,2,1.8,1.9,28.82
2014/05/14,7007,26,351,22,2,2,2.4,28.82
2014/05/14,7007,26,3565,17,4,3.5,4.2,28.82
2014/05/14,7007,26,3853,33,2,2.7,3.9,28.82
2014/05/14,7007,26,4207,41,2,2,3.3,28.82
2014/05/14,7007,26,4238,37,3,3.3,4.3,28.82
2014/05/14,7007,26,447263,49,2,2,2.4,28.82
2014/05/14,7007,26,447264,45,3,3.6,5,28.82
2014/05/14,7007,26,4569,6,5,5,5.5,28.82
2014/05/14,7007,26,4646,66,4,2,1,28.82
2014/05/14,7007,26,5174,42,7,2.5,2.5,28.82
2014/05/14,7007,26,5175,20,2,2.3,3.1,28.82
2014/05/14,7007,26,5238,67,2,2.6,3.8,28.82
2014/05/14,7007,26,5677,10,4,3.7,4.9,28.82
2014/05/14,7007,26,611,8,3,3.1,4.3,28.82
2014/05/14,7007,26,6943,47,7,9.3,13.5,28.82
2014/05/14,7007,26,7176,44,1,1,1.3,28.82
2014/05/14,7007,26,7641,34,2,2.3,3.1,28.82
2014/05/14,7007,26,888538,27,2,1.5,2.2,28.82
2014/05/14,7007,26,8912,3,4,2.5,2.5,28.82
2014/05/14,7007,26,894915,74,6,5.6,7.2,28.82
2014/05/14,7007,26,895410,71,4,2,2,28.82
2014/05/14,7007,26,895726,72,3,3,3.6,28.82
2014/05/14,7007,26,896798,16,4,3.3,3.1,28.82
2014/05/14,7007,26,896997,29,28,14,14,28.82
2014/05/14,7007,26,897379,57,2,2,2.6,28.82
2014/05/14,7007,26,9349,15,3,2,2.5,28.82
2014/05/14,7007,26,9350,2,3,1.5,1.5,28.82
2014/05/14,7009,26,10244,37,3,2.3,2.9,31.13
2014/05/14,7009,26,11027,40,13,11.7,14.9,31.13
2014/05/14,7009,26,11284,32,2,2.6,3.8,31.13
2014/05/14,7009,26,1180,33,2,2.3,2.9,31.13
2014/05/14,7009,26,11805,9,4,2,2,31.13
2014/05/14,7009,26,12076,27,2,1.8,2.4,31.13
2014/05/14,7009,26,12144,76,7,2.5,2.5,31.13
2014/05/14,7009,26,12363,77,4,2.4,3,31.13
2014/05/14,7009,26,12646,20,2,2.6,3.8,31.13
2014/05/14,7009,26,12976,13,6,3.8,4.4,31.13
2014/05/14,7009,26,12997,49,6,5.1,5.9,31.13
2014/05/14,7009,26,13093,44,4,2.6,3.2,31.13
2014/05/14,7009,26,1317,2,13,8,8.9,31.13
2014/05/14,7009,26,13288,25,3,1.5,1,31.13
2014/05/14,7009,26,1343,45,3,3.1,4.3,31.13
2014/05/14,7009,26,13770,12,2,2.6,3.8,31.13
2014/05/14,7009,26,13888,59,3,3.2,4.5,31.13
2014/05/14,7009,26,14022,5,1,1.3,1.9,31.13
2014/05/14,7009,26,154,70,22,7.4,8,31.13
2014/05/14,7009,26,2044,28,6,6.1,8,31.13
2014/05/14,7009,26,2189,8,5,3.3,4.1,31.13
2014/05/14,7009,26,2427,50,2,2,3,31.13
2014/05/14,7009,26,264757,14,5,4.3,5.2,31.13
2014/05/14,7009,26,295849,66,3,3.6,5.1,31.13
2014/05/14,7009,26,296446,74,1,1.3,1.9,31.13
2014/05/14,7009,26,3002,42,5,4.9,6.7,31.13
2014/05/14,7009,26,3518,58,11,9,11.3,31.13
2014/05/14,7009,26,3743,48,2,1.5,1.7,31.13
2014/05/14,7009,26,3864,26,7,3.5,4.1,31.13
2014/05/14,7009,26,3904,55,4,3,3.4,31.13
2014/05/14,7009,26,4371,51,10,5.5,5.7,31.13
2014/05/14,7009,26,445657,63,8,7.1,9.3,31.13
2014/05/14,7009,26,445745,47,2,2.3,3.1,31.13
2014/05/14,7009,26,445758,3,8,5.5,6,31.13
2014/05/14,7009,26,446985,62,4,2,2.4,31.13
2014/05/14,7009,26,447508,29,6,4.8,6.5,31.13
2014/05/14,7009,26,447511,6,1,1.3,1.9,31.13
2014/05/14,7009,26,448781,15,2,1.8,2.4,31.13
2014/05/14,7009,26,448875,61,4,2,2.4,31.13
2014/05/14,7009,26,4599,46,15,15,10.3,31.13
2014/05/14,7009,26,4623,41,4,2.3,3,31.13
2014/05/14,7009,26,4627,72,8,6.3,7.5,31.13
2014/05/14,7009,26,5782,21,2,2.3,3.1,31.13
2014/05/14,7009,26,5841,10,2,2,2.3,31.13
2014/05/14,7009,26,6345,43,2,2.3,3.1,31.13
2014/05/14,7009,26,6357,7,3,3.3,4.8,31.13
2014/05/14,7009,26,6394,56,6,7,9.6,31.13
2014/05/14,7009,26,6546,73,4,3.3,4.1,31.13
2014/05/14,7009,26,6558,71,2,2.6,3.8,31.13
2014/05/14,7009,26,6817,11,3,3.3,4.2,31.13
2014/05/14,7009,26,6879,75,4,4.6,6.1,31.13
2014/05/14,7009,26,6917,36,2,1,1.1,31.13
2014/05/14,7009,26,7212,54,2,1.3,1.6,31.13
2014/05/14,7009,26,7292,35,3,2.5,2.9,31.13
2014/05/14,7009,26,7317,53,4,2.8,3.4,31.13
2014/05/14,7009,26,740,22,2,1.6,2.2,31.13
2014/05/14,7009,26,765,34,2,2.3,3.1,31.13
2014/05/14,7009,26,7883,30,5,3.8,5.2,31.13
2014/05/14,7009,26,7913,17,11,7,7.2,31.13
2014/05/14,7009,26,7979,16,2,2.6,3.8,31.13
2014/05/14,7009,26,7997,23,2,2.3,3.1,31.13
2014/05/14,7009,26,8354,64,6,3.2,3.4,31.13
2014/05/14,7009,26,8649,1,5,2.5,2.5,31.13
2014/05/14,7009,26,889910,4,2,1,1,31.13
2014/05/14,7009,26,890413,57,2,2.6,3.8,31.13
2014/05/14,7009,26,894850,52,1,1.3,1.9,31.13
2014/05/14,7009,26,894912,24,12,8,9.7,31.13
2014/05/14,7009,26,895571,31,2,2.7,3.9,31.13
2014/05/14,7009,26,895645,38,6,3.5,3.8,31.13
2014/05/14,7009,26,895996,39,2,2.6,3.8,31.13
2014/05/14,7009,26,896218,19,1,1.3,1.9,31.13
2014/05/14,7009,26,896220,68,15,7.5,7.8,31.13
2014/05/14,7009,26,896696,69,2,2.6,3.8,31.13
2014/05/14,7009,26,896803,65,4,2.8,3.4,31.13
2014/05/14,7009,26,897275,18,1,1.3,1.9,31.13
2014/05/14,7009,26,897407,67,3,2.1,2.7,31.13
2014/05/14,7009,26,9088,60,3,2.3,2.9,31.13
2014/05/14,7011,26,10171,25,2,2.3,3.1,27.13
2014/05/14,7011,26,10388,36,5,3.5,3.9,27.13
2014/05/14,7011,26,11085,6,2,1.5,2.3,27.13
2014/05/14,7011,26,11409,29,1,1.3,1.9,27.13
2014/05/14,7011,26,11718,17,3,3.1,4.3,27.13
2014/05/14,7011,26,11837,51,2,2,3,27.13
2014/05/14,7011,26,12124,73,2,2,0.8,27.13
2014/05/14,7011,26,12125,49,2,1,1.2,27.13
2014/05/14,7011,26,12922,43,3,4,5.8,27.13
2014/05/14,7011,26,13236,68,3,3.3,4.4,27.13
2014/05/14,7011,26,13345,4,2,2.3,3.1,27.13
2014/05/14,7011,26,13355,88,2,1.8,1.5,27.13
2014/05/14,7011,26,13504,1,2,2,2.4,27.13
2014/05/14,7011,26,13650,46,4,3.5,4.1,27.13
2014/05/14,7011,26,14110,33,4,2.8,2.4,27.13
2014/05/14,7011,26,14122,56,5,2.5,1.5,27.13
2014/05/14,7011,26,14123,54,2,2.6,3.8,27.13
2014/05/14,7011,26,2118,87,3,2.3,2.9,27.13
2014/05/14,7011,26,2294,90,8,3,3,27.13
2014/05/14,7011,26,251459,65,2,2.1,3.1,27.13
2014/05/14,7011,26,251463,64,3,3.6,5.1,27.13
2014/05/14,7011,26,251465,63,3,3.1,4.4,27.13
2014/05/14,7011,26,251466,61,4,2,2,27.13
2014/05/14,7011,26,251482,31,2,2.3,3.1,27.13
2014/05/14,7011,26,251502,62,4,4.9,6.9,27.13
2014/05/14,7011,26,251506,59,3,2.8,3.6,27.13
2014/05/14,7011,26,251516,28,7,2.5,2.5,27.13
2014/05/14,7011,26,251552,81,1,1.3,1.9,27.13
2014/05/14,7011,26,251557,89,2,1.5,1.7,27.13
2014/05/14,7011,26,251605,74,3,1.5,0.5,27.13
2014/05/14,7011,26,251628,75,2,2.7,3.9,27.13
2014/05/14,7011,26,251862,84,4,2.8,2.4,27.13
2014/05/14,7011,26,251863,83,2,2.3,3.1,27.13
2014/05/14,7011,26,251868,79,3,2.3,2.9,27.13
2014/05/14,7011,26,251915,21,2,1.8,2.4,27.13
2014/05/14,7011,26,251966,16,2,1.5,1.7,27.13
2014/05/14,7011,26,252017,8,5,4.6,6,27.13
2014/05/14,7011,26,252018,11,2,2,2.4,27.13
2014/05/14,7011,26,253587,47,2,2.3,2.9,27.13
2014/05/14,7011,26,255392,53,4,3.7,3.9,27.13
2014/05/14,7011,26,255735,15,2,1,1,27.13
2014/05/14,7011,26,2559,48,3,2.3,3.1,27.13
2014/05/14,7011,26,2562,91,4,2,2,27.13
2014/05/14,7011,26,261889,82,2,1.8,2.4,27.13
2014/05/14,7011,26,261890,80,2,1,1,27.13
2014/05/14,7011,26,264669,10,3,1.5,1.5,27.13
2014/05/14,7011,26,288173,50,1,1.3,1.9,27.13
2014/05/14,7011,26,288181,41,1,1,1.3,27.13
2014/05/14,7011,26,290071,70,4,3.4,4.2,27.13
2014/05/14,7011,26,290080,71,4,4.6,6.2,27.13
2014/05/14,7011,26,293252,27,3,2.3,1.9,27.13
2014/05/14,7011,26,293329,14,6,5.6,7.2,27.13
2014/05/14,7011,26,293331,9,5,6.5,9.5,27.13
2014/05/14,7011,26,293619,60,3,3.4,4.7,27.13
2014/05/14,7011,26,294143,57,1,1.3,1.9,27.13
2014/05/14,7011,26,294433,44,2,2.3,3.1,27.13
2014/05/14,7011,26,295091,52,8,3,3,27.13
2014/05/14,7011,26,295826,66,1,1,1.2,27.13
2014/05/14,7011,26,347,39,3,2.8,2.7,27.13
2014/05/14,7011,26,3652,13,2,2,2.9,27.13
2014/05/14,7011,26,3752,92,7,2.7,2.7,27.13
2014/05/14,7011,26,3859,38,1,1,1.3,27.13
2014/05/14,7011,26,3959,42,1,1.3,1.9,27.13
2014/05/14,7011,26,4073,85,6,6,6.9,27.13
2014/05/14,7011,26,4318,76,7,2.5,2.5,27.13
2014/05/14,7011,26,4435,26,3,1.5,1.8,27.13
2014/05/14,7011,26,446597,72,3,2,0.8,27.13
2014/05/14,7011,26,447044,78,2,2.1,2.8,27.13
2014/05/14,7011,26,448769,18,2,2.3,3.1,27.13
2014/05/14,7011,26,4491,55,2,1.8,2.4,27.13
2014/05/14,7011,26,5296,3,4,2.8,3.1,27.13
2014/05/14,7011,26,6129,37,1,1.3,1.9,27.13
2014/05/14,7011,26,6805,20,10,10,9.7,27.13
2014/05/14,7011,26,699,7,2,2.6,3.8,27.13
2014/05/14,7011,26,7214,67,3,2,2.2,27.13
2014/05/14,7011,26,7362,30,2,1.8,2.4,27.13
2014/05/14,7011,26,7543,58,3,2,1.7,27.13
2014/05/14,7011,26,8253,77,1,1.3,1.9,27.13
2014/05/14,7011,26,8450,35,2,1.8,2.4,27.13
2014/05/14,7011,26,8451,5,2,1.8,1.9,27.13
2014/05/14,7011,26,8556,23,3,2.9,4.1,27.13
2014/05/14,7011,26,883,12,2,1.8,2.4,27.13
2014/05/14,7011,26,893875,19,7,2.5,2.5,27.13
2014/05/14,7011,26,895779,32,1,1,1.2,27.13
2014/05/14,7011,26,895845,2,2,2,8.5,27.13
2014/05/14,7011,26,896781,24,11,6,6.3,27.13
2014/05/14,7011,26,896829,22,4,4,5,27.13
2014/05/14,7011,26,897015,45,3,2.3,2.9,27.13
2014/05/14,7011,26,897366,69,2,2.6,3.8,27.13
2014/05/14,7011,26,908,86,3,3.1,4.3,27.13
2014/05/14,7011,26,9315,40,3,2.3,2.4,27.13
2014/05/14,7011,26,9625,34,3,2.3,2.9,27.13
2014/05/14,7012,26,10246,48,5,3,3.2,31.31
2014/05/14,7012,26,10584,13,3,3.4,5,31.31
2014/05/14,7012,26,109,30,1,1.3,1.9,31.31
2014/05/14,7012,26,10915,14,4,4.6,6,31.31
2014/05/14,7012,26,11026,7,8,3.8,0.8,31.31
2014/05/14,7012,26,11046,59,1,1.3,1.9,31.31
2014/05/14,7012,26,11389,31,3,1.5,1.7,31.31
2014/05/14,7012,26,11655,49,9,3.5,3.5,31.31
2014/05/14,7012,26,11765,32,2,2.7,3.9,31.31
2014/05/14,7012,26,12738,51,6,3,3,31.31
2014/05/14,7012,26,12815,19,27,25.7,32.2,31.31
2014/05/14,7012,26,12859,5,2,2,2.6,31.31
2014/05/14,7012,26,13152,26,2,2.6,3.8,31.31
2014/05/14,7012,26,13393,50,1,1.3,1.9,31.31
2014/05/14,7012,26,13617,64,7,5,5.9,31.31
2014/05/14,7012,26,13846,18,1,1.3,1.9,31.31
2014/05/14,7012,26,13999,69,9,6.5,6.8,31.31
2014/05/14,7012,26,14207,39,4,2,2,31.31
2014/05/14,7012,26,14208,67,7,2.5,2.5,31.31
2014/05/14,7012,26,1545,65,5,5,6.3,31.31
2014/05/14,7012,26,2190,74,13,7.4,8.7,31.31
2014/05/14,7012,26,2292,2,2,1,1,31.31
2014/05/14,7012,26,2463,73,2,1.5,2.2,31.31
2014/05/14,7012,26,254269,79,5,1.9,1.9,31.31
2014/05/14,7012,26,263091,37,1,1.3,1.9,31.31
2014/05/14,7012,26,264777,66,4,3.3,4.1,31.31
2014/05/14,7012,26,264883,57,2,2.6,3.8,31.31
2014/05/14,7012,26,2747,68,8,3.8,4.4,31.31
2014/05/14,7012,26,294771,27,3,3.6,5,31.31
2014/05/14,7012,26,295065,75,1,1.3,1.9,31.31
2014/05/14,7012,26,295146,10,3,3.6,5.1,31.31
2014/05/14,7012,26,296007,42,1,1.3,1.9,31.31
2014/05/14,7012,26,296425,47,4,4.3,5.6,31.31
2014/05/14,7012,26,296433,56,2,1,1,31.31
2014/05/14,7012,26,296665,23,1,1.3,1.9,31.31
2014/05/14,7012,26,296697,20,2,2.6,3.8,31.31
2014/05/14,7012,26,296740,1,1,1.3,1.9,31.31
2014/05/14,7012,26,3001,35,2,2.3,3.1,31.31
2014/05/14,7012,26,3118,45,2,2.7,3.9,31.31
2014/05/14,7012,26,3816,16,3,3.1,4.3,31.31
2014/05/14,7012,26,3867,29,1,1.3,1.9,31.31
2014/05/14,7012,26,3892,53,2,2.7,3.9,31.31
2014/05/14,7012,26,3907,22,9,3.8,4.2,31.31
2014/05/14,7012,26,3984,62,2,1.5,1.7,31.31
2014/05/14,7012,26,4377,38,4,4.6,6.2,31.31
2014/05/14,7012,26,445891,55,2,2.3,3.1,31.31
2014/05/14,7012,26,446164,60,2,2.6,3.8,31.31
2014/05/14,7012,26,446517,24,1,1.3,1.9,31.31
2014/05/14,7012,26,447099,77,2,2.6,3.8,31.31
2014/05/14,7012,26,4671,72,11,9.2,12,31.31
2014/05/14,7012,26,547,71,3,3,5.1,31.31
2014/05/14,7012,26,5599,36,4,3.8,4.9,31.31
2014/05/14,7012,26,5735,9,3,3.9,5.7,31.31
2014/05/14,7012,26,5908,43,6,7.2,10,31.31
2014/05/14,7012,26,5909,54,5,3.6,4.4,31.31
2014/05/14,7012,26,5911,34,4,5.2,7.6,31.31
2014/05/14,7012,26,6045,25,2,2.3,3.2,31.31
2014/05/14,7012,26,6327,63,2,1,1,31.31
2014/05/14,7012,26,6557,80,2,2.6,3.8,31.31
2014/05/14,7012,26,6752,17,2,2.6,3.8,31.31
2014/05/14,7012,26,6948,3,3,2,2.2,31.31
2014/05/14,7012,26,6950,46,3,4,5.8,31.31
2014/05/14,7012,26,6979,44,1,1.3,1.9,31.31
2014/05/14,7012,26,7236,58,3,1.5,1.5,31.31
2014/05/14,7012,26,7449,33,3,3.1,4.3,31.31
2014/05/14,7012,26,7842,70,5,2.5,2.5,31.31
2014/05/14,7012,26,8015,11,1,1.3,1.9,31.31
2014/05/14,7012,26,8305,28,12,10.8,14.1,31.31
2014/05/14,7012,26,8585,76,9,5.4,4.9,31.31
2014/05/14,7012,26,8631,40,4,4.3,5.6,31.31
2014/05/14,7012,26,888956,61,3,3.3,4.3,31.31
2014/05/14,7012,26,890597,6,11,7.8,8.1,31.31
2014/05/14,7012,26,890912,15,1,1,1.7,31.31
2014/05/14,7012,26,895625,4,4,2.5,2.9,31.31
2014/05/14,7012,26,895846,12,2,2.6,3.8,31.31
2014/05/14,7012,26,895994,8,2,2.6,3.8,31.31
2014/05/14,7012,26,896500,78,2,2.3,3.1,31.31
2014/05/14,7012,26,896929,52,4,2,2,31.31
2014/05/14,7012,26,9647,21,9,4.8,5.7,31.31
2014/05/14,7012,26,9969,41,2,1.5,1.7,31.31
2014/05/14,7018,26,10444,62,3,2.8,3.6,35.32
2014/05/14,7018,26,10964,17,13,7.5,6.6,35.32
2014/05/14,7018,26,11221,5,1,1.3,1.9,35.32
2014/05/14,7018,26,11279,4,3,3.1,4.3,35.32
2014/05/14,7018,26,11420,31,3,3.1,4.3,35.32
2014/05/14,7018,26,11687,49,2,2.6,3.8,35.32
2014/05/14,7018,26,11771,36,2,1,1,35.32
2014/05/14,7018,26,11773,32,7,7.1,9.1,35.32
2014/05/14,7018,26,12197,11,18,9,9,35.32
2014/05/14,7018,26,12315,42,2,1,1,35.32
2014/05/14,7018,26,12981,33,2,2,2.9,35.32
2014/05/14,7018,26,13954,48,3,2.8,4.1,35.32
2014/05/14,7018,26,1473,18,4,3.3,4.2,35.32
2014/05/14,7018,26,1830,59,2,1,1,35.32
2014/05/14,7018,26,2204,27,1,1.3,1.9,35.32
2014/05/14,7018,26,2219,25,2,1.6,2.2,35.32
2014/05/14,7018,26,2223,54,3,3.3,4.8,35.32
2014/05/14,7018,26,2261,70,3,1.5,1.5,35.32
2014/05/14,7018,26,2528,21,3,2,2.2,35.32
2014/05/14,7018,26,255439,63,2,1,1,35.32
2014/05/14,7018,26,255444,66,2,2.6,3.8,35.32
2014/05/14,7018,26,256519,8,2,2.3,3.6,35.32
2014/05/14,7018,26,2582,41,4,4.2,5.7,35.32
2014/05/14,7018,26,262807,60,2,2.6,3.8,35.32
2014/05/14,7018,26,262834,67,3,1,1,35.32
2014/05/14,7018,26,262974,52,3,2.3,1.9,35.32
2014/05/14,7018,26,264824,37,7,3.5,3.5,35.32
2014/05/14,7018,26,270490,45,2,2.3,3.6,35.32
2014/05/14,7018,26,270537,46,1,1.3,1.9,35.32
2014/05/14,7018,26,2876,15,2,2.6,3.8,35.32
2014/05/14,7018,26,288246,1,5,3.3,3.9,35.32
2014/05/14,7018,26,288255,19,2,2.6,3.8,35.32
2014/05/14,7018,26,288261,12,3,2,1.6,35.32
2014/05/14,7018,26,290829,2,6,3.8,4.4,35.32
2014/05/14,7018,26,293458,7,1,1.3,1.9,35.32
2014/05/14,7018,26,294726,6,2,2.3,3.2,35.32
2014/05/14,7018,26,295925,38,2,1,1,35.32
2014/05/14,7018,26,296193,9,13,7.3,8.8,35.32
2014/05/14,7018,26,296539,64,5,5.9,8.1,35.32
2014/05/14,7018,26,296575,13,2,2.6,3.8,35.32
2014/05/14,7018,26,3022,23,2,2.7,3.9,35.32
2014/05/14,7018,26,3613,29,2,1.8,2.4,35.32
2014/05/14,7018,26,3805,44,5,2.5,1.5,35.32
2014/05/14,7018,26,445640,51,3,2.3,2.9,35.32
2014/05/14,7018,26,446285,26,9,4,4.2,35.32
2014/05/14,7018,26,446611,65,3,3.9,5.7,35.32
2014/05/14,7018,26,446822,40,4,5.2,7.6,35.32
2014/05/14,7018,26,447007,61,1,1.3,1.9,35.32
2014/05/14,7018,26,447923,35,2,2.6,3.8,35.32
2014/05/14,7018,26,4598,20,3,3.1,4.3,35.32
2014/05/14,7018,26,4823,56,2,2.3,3.1,35.32
2014/05/14,7018,26,5169,3,5,5,4.6,35.32
2014/05/14,7018,26,5517,47,1,1.3,1.9,35.32
2014/05/14,7018,26,5565,14,4,4.1,5.5,35.32
2014/05/14,7018,26,6427,71,2,1.8,2.4,35.32
2014/05/14,7018,26,7015,68,3,1.9,2.5,35.32
2014/05/14,7018,26,707,34,4,4.3,6,35.32
2014/05/14,7018,26,7296,24,9,5.2,6.4,35.32
2014/05/14,7018,26,7494,10,3,3.6,5.5,35.32
2014/05/14,7018,26,8826,22,2,2.6,3.8,35.32
2014/05/14,7018,26,8852,30,1,1.3,1.9,35.32
2014/05/14,7018,26,893102,55,2,2.6,3.8,35.32
2014/05/14,7018,26,895031,58,4,1.8,1.8,35.32
2014/05/14,7018,26,896036,57,1,1.3,1.9,35.32
2014/05/14,7018,26,896789,16,7,4.9,5.9,35.32
2014/05/14,7018,26,9403,39,4,1.2,1.2,35.32
2014/05/14,7018,26,9446,53,3,2.8,3.6,35.32
2014/05/14,7018,26,9457,69,11,5.5,5.5,35.32
2014/05/14,7018,26,947,43,2,1.8,2.5,35.32
2014/05/14,7018,26,9579,50,4,2,1,35.32
2014/05/14,7018,26,9612,28,2,2.6,3.8,35.32
2014/05/14,7020,26,10443,43,2,2.6,3.8,36.11
2014/05/14,7020,26,10558,7,1,1,1.3,36.11
2014/05/14,7020,26,10743,21,3,3.6,5.1,36.11
2014/05/14,7020,26,11455,29,4,4,5.2,36.11
2014/05/14,7020,26,12810,70,2,1.5,1.7,36.11
2014/05/14,7020,26,12971,15,7,3.1,3.1,36.11
2014/05/14,7020,26,13441,73,6,3,3.3,36.11
2014/05/14,7020,26,1564,48,7,2.5,2.5,36.11
2014/05/14,7020,26,1933,46,2,2.3,3.6,36.11
2014/05/14,7020,26,251173,30,2,1,1,36.11
2014/05/14,7020,26,251191,20,3,2.3,2.9,36.11
2014/05/14,7020,26,251229,25,1,1.3,1.9,36.11
2014/05/14,7020,26,251232,27,2,1,1,36.11
2014/05/14,7020,26,255856,8,1,1.3,1.9,36.11
2014/05/14,7020,26,255872,23,3,3.1,4.3,36.11
2014/05/14,7020,26,255876,6,4,3.9,5.8,36.11
2014/05/14,7020,26,255901,16,4,2,2,36.11
2014/05/14,7020,26,255910,18,3,1.5,1.5,36.11
2014/05/14,7020,26,256012,1,2,1,1,36.11
2014/05/14,7020,26,257768,51,2,1.5,1.7,36.11
2014/05/14,7020,26,259941,39,1,1.3,1.9,36.11
2014/05/14,7020,26,259942,35,2,2.6,3.8,36.11
2014/05/14,7020,26,260725,36,7,4.3,5.7,36.11
2014/05/14,7020,26,262760,53,3,1.5,1.5,36.11
2014/05/14,7020,26,264862,50,4,2,1,36.11
2014/05/14,7020,26,264863,69,2,2.3,3.1,36.11
2014/05/14,7020,26,286521,58,3,2,2.2,36.11
2014/05/14,7020,26,286525,57,2,2.3,3.1,36.11
2014/05/14,7020,26,286532,54,4,3,3.4,36.11
2014/05/14,7020,26,286545,66,2,2.3,3.1,36.11
2014/05/14,7020,26,286547,63,3,2.8,3.7,36.11
2014/05/14,7020,26,290618,5,1,1,1.3,36.11
2014/05/14,7020,26,293075,41,2,1,1,36.11
2014/05/14,7020,26,293177,67,3,3.7,5.1,36.11
2014/05/14,7020,26,293635,3,1,1.3,1.9,36.11
2014/05/14,7020,26,293708,9,5,1.5,1.5,36.11
2014/05/14,7020,26,293978,55,5,2.5,1.6,36.11
2014/05/14,7020,26,294587,65,6,3,3,36.11
2014/05/14,7020,26,296380,24,3,3.2,4.4,36.11
2014/05/14,7020,26,296565,12,1,1.3,1.9,36.11
2014/05/14,7020,26,296685,40,3,2.8,4.1,36.11
2014/05/14,7020,26,3067,11,11,6.9,8.7,36.11
2014/05/14,7020,26,3092,2,7,6.3,7.8,36.11
2014/05/14,7020,26,4132,13,3,3.3,4.3,36.11
2014/05/14,7020,26,4151,68,4,3.8,5.3,36.11
2014/05/14,7020,26,4231,4,3,2.3,1.9,36.11
2014/05/14,7020,26,4367,64,4,4.7,7.2,36.11
2014/05/14,7020,26,446080,17,2,1.8,2.4,36.11
2014/05/14,7020,26,446522,19,2,2,2.4,36.11
2014/05/14,7020,26,447307,32,2,1.5,1.8,36.11
2014/05/14,7020,26,447345,10,11,6.5,6.9,36.11
2014/05/14,7020,26,4659,52,16,15.5,20.4,36.11
2014/05/14,7020,26,5141,14,1,1.3,1.9,36.11
2014/05/14,7020,26,5828,47,3,2.3,2.9,36.11
2014/05/14,7020,26,5929,60,4,3.3,4.6,36.11
2014/05/14,7020,26,5955,72,2,2.3,3.1,36.11
2014/05/14,7020,26,6029,61,3,3.3,4.4,36.11
2014/05/14,7020,26,7426,26,2,1.5,1.2,36.11
2014/05/14,7020,26,7614,37,2,2.3,3.1,36.11
2014/05/14,7020,26,7615,38,1,1.3,1.9,36.11
2014/05/14,7020,26,7840,71,3,1.5,1.6,36.11
2014/05/14,7020,26,8747,33,1,1.3,1.9,36.11
2014/05/14,7020,26,888807,31,2,1,1,36.11
2014/05/14,7020,26,889859,44,2,2.3,3.6,36.11
2014/05/14,7020,26,889901,56,3,1.5,1.5,36.11
2014/05/14,7020,26,8953,34,1,1.3,1.9,36.11
2014/05/14,7020,26,895738,28,1,1,1.3,36.11
2014/05/14,7020,26,896505,62,4,4.1,5.6,36.11
2014/05/14,7020,26,896855,74,3,2.3,3.1,36.11
2014/05/14,7020,26,9351,49,2,2,2.4,36.11
2014/05/14,7020,26,9432,45,2,1.5,2.2,36.11
2014/05/14,7020,26,9499,42,2,2,2.4,36.11
2014/05/14,7020,26,9858,22,4,2,2,36.11
2014/05/14,7020,26,9951,59,4,4.6,6.1,36.11
2014/05/14,7029,26,10010,41,1,1.3,1.9,26.88
2014/05/14,7029,26,10154,55,1,1.3,1.9,26.88
2014/05/14,7029,26,10560,8,4,4.3,5.5,26.88
2014/05/14,7029,26,10875,20,2,1.5,1.7,26.88
2014/05/14,7029,26,11153,43,3,3.3,4.8,26.88
2014/05/14,7029,26,11578,47,2,1.8,1.9,26.88
2014/05/14,7029,26,12318,22,2,1.8,2.4,26.88
2014/05/14,7029,26,1240,51,1,1,1.2,26.88
2014/05/14,7029,26,12517,17,2,2,3.4,26.88
2014/05/14,7029,26,1296,38,1,1.3,1.9,26.88
2014/05/14,7029,26,12966,25,2,2.6,3.8,26.88
2014/05/14,7029,26,13187,11,2,2.6,3.8,26.88
2014/05/14,7029,26,13281,3,3,3,3.6,26.88
2014/05/14,7029,26,13926,60,2,1,1,26.88
2014/05/14,7029,26,13986,23,2,1.5,1.7,26.88
2014/05/14,7029,26,14043,54,3,2.3,3.1,26.88
2014/05/14,7029,26,1678,67,1,1,1.2,26.88
2014/05/14,7029,26,1886,13,1,1.3,1.9,26.88
2014/05/14,7029,26,1939,14,3,2.3,3.7,26.88
2014/05/14,7029,26,2376,29,4,2.8,3.4,26.88
2014/05/14,7029,26,2448,31,6,5.2,6.6,26.88
2014/05/14,7029,26,255484,2,8,8.3,9.5,26.88
2014/05/14,7029,26,255499,4,3,2.3,2.9,26.88
2014/05/14,7029,26,255519,7,15,7.5,7.5,26.88
2014/05/14,7029,26,255779,66,5,5,6.4,26.88
2014/05/14,7029,26,259211,57,5,5,6.8,26.88
2014/05/14,7029,26,259244,27,4,2,2,26.88
2014/05/14,7029,26,259688,33,9,6.1,7.3,26.88
2014/05/14,7029,26,259696,30,4,2.5,2.7,26.88
2014/05/14,7029,26,262501,46,2,2.6,3.8,26.88
2014/05/14,7029,26,262508,39,3,2.3,3,26.88
2014/05/14,7029,26,262547,37,2,2,2.4,26.88
2014/05/14,7029,26,262556,32,5,5.6,7.5,26.88
2014/05/14,7029,26,262574,48,2,2.3,3.1,26.88
2014/05/14,7029,26,270340,64,4,2,2,26.88
2014/05/14,7029,26,2864,15,12,7.6,9.3,26.88
2014/05/14,7029,26,288050,26,3,4,5.8,26.88
2014/05/14,7029,26,290652,56,1,1,1.7,26.88
2014/05/14,7029,26,291296,28,2,2.3,3.6,26.88
2014/05/14,7029,26,2921,12,2,1,0.5,26.88
2014/05/14,7029,26,293790,19,2,1.5,1.7,26.88
2014/05/14,7029,26,294486,65,13,12.6,15.6,26.88
2014/05/14,7029,26,295988,59,9,5,5.9,26.88
2014/05/14,7029,26,296662,40,2,2.6,3.8,26.88
2014/05/14,7029,26,398,18,6,6.3,8.7,26.88
2014/05/14,7029,26,4418,61,4,4.4,6.2,26.88
2014/05/14,7029,26,446823,45,3,2.3,2.9,26.88
2014/05/14,7029,26,448214,49,2,1.5,1.7,26.88
2014/05/14,7029,26,448737,5,4,4.1,6,26.88
2014/05/14,7029,26,4605,63,6,4.4,5.9,26.88
2014/05/14,7029,26,4620,1,6,4.3,8.1,26.88
2014/05/14,7029,26,5028,24,2,1.5,1.7,26.88
2014/05/14,7029,26,5473,10,8,2.8,2.8,26.88
2014/05/14,7029,26,6505,62,3,1.3,0.3,26.88
2014/05/14,7029,26,7046,36,5,3.5,3.9,26.88
2014/05/14,7029,26,7448,9,2,1.8,2.4,26.88
2014/05/14,7029,26,7547,21,4,5,7,26.88
2014/05/14,7029,26,7815,53,3,3.9,5.7,26.88
2014/05/14,7029,26,7828,52,2,2.6,3.8,26.88
2014/05/14,7029,26,8026,44,7,2.5,2.5,26.88
2014/05/14,7029,26,8261,58,2,2.7,3.9,26.88
2014/05/14,7029,26,8390,16,2,2.7,3.9,26.88
2014/05/14,7029,26,8514,34,1,1.3,1.9,26.88
2014/05/14,7029,26,896058,6,4,3,3.9,26.88
2014/05/14,7029,26,897279,50,2,1.6,2.2,26.88
2014/05/14,7029,26,9003,35,2,2,2.4,26.88
2014/05/14,7029,26,9775,42,4,2,2,26.88
2014/05/14,7030,26,10110,12,2,2.7,3.9,28.3
2014/05/14,7030,26,10739,68,4,5,7,28.3
2014/05/14,7030,26,10740,63,1,1.3,1.9,28.3
2014/05/14,7030,26,10788,7,2,2.6,3.8,28.3
2014/05/14,7030,26,11370,65,4,4.1,5.5,28.3
2014/05/14,7030,26,11491,24,2,2.6,3.8,28.3
2014/05/14,7030,26,11492,58,1,1.3,1.9,28.3
2014/05/14,7030,26,11858,11,10,5.5,5.7,28.3
2014/05/14,7030,26,12288,47,2,1.8,2.4,28.3
2014/05/14,7030,26,12492,64,2,2.3,3.1,28.3
2014/05/14,7030,26,13171,62,4,3,3.9,28.3
2014/05/14,7030,26,13560,15,2,2.6,3.8,28.3
2014/05/14,7030,26,13708,61,2,1.8,2.4,28.3
2014/05/14,7030,26,13766,40,3,3.3,4.3,28.3
2014/05/14,7030,26,13811,55,34,13.1,13.7,28.3
2014/05/14,7030,26,2245,67,3,3.6,5.5,28.3
2014/05/14,7030,26,250283,13,5,5.1,6.8,28.3
2014/05/14,7030,26,257831,22,3,3.1,4.3,28.3
2014/05/14,7030,26,257832,1,3,2,2.5,28.3
2014/05/14,7030,26,257834,23,3,3.6,5.1,28.3
2014/05/14,7030,26,259270,42,4,4.5,6.4,28.3
2014/05/14,7030,26,259272,16,5,6.3,8.9,28.3
2014/05/14,7030,26,260277,3,5,5.9,8.1,28.3
2014/05/14,7030,26,260587,5,2,1,1,28.3
2014/05/14,7030,26,261558,19,3,2.8,3.6,28.3
2014/05/14,7030,26,261568,39,7,5.1,6.9,28.3
2014/05/14,7030,26,261588,14,4,3.3,4.6,28.3
2014/05/14,7030,26,263202,37,4,3.3,4.9,28.3
2014/05/14,7030,26,265030,48,8,5,5.5,28.3
2014/05/14,7030,26,265031,43,2,1.8,2.4,28.3
2014/05/14,7030,26,265047,50,3,3.3,4.1,28.3
2014/05/14,7030,26,2713,25,4,3.6,4.8,28.3
2014/05/14,7030,26,291228,34,3,1.5,1,28.3
2014/05/14,7030,26,293173,29,34,24.9,30.2,28.3
2014/05/14,7030,26,293227,44,3,3.9,5.7,28.3
2014/05/14,7030,26,294210,32,5,3.3,4.2,28.3
2014/05/14,7030,26,295688,36,8,6.2,7.3,28.3
2014/05/14,7030,26,296624,52,4,2.9,3.7,28.3
2014/05/14,7030,26,296638,51,2,1.3,1.5,28.3
2014/05/14,7030,26,296760,31,3,4,5.8,28.3
2014/05/14,7030,26,296768,46,2,1.8,2.4,28.3
2014/05/14,7030,26,3229,8,8,3.8,4.4,28.3
2014/05/14,7030,26,3321,9,2,1.8,2.4,28.3
2014/05/14,7030,26,445688,21,2,2.6,3.8,28.3
2014/05/14,7030,26,446513,35,2,2.6,3.8,28.3
2014/05/14,7030,26,4658,30,3,3.3,4.9,28.3
2014/05/14,7030,26,4826,38,3,2.8,3.6,28.3
2014/05/14,7030,26,5171,57,8,3.8,4.4,28.3
2014/05/14,7030,26,5249,59,2,2.6,3.8,28.3
2014/05/14,7030,26,5310,72,1,1.3,1.9,28.3
2014/05/14,7030,26,5445,6,4,3.7,4.9,28.3
2014/05/14,7030,26,5641,26,2,2.7,3.9,28.3
2014/05/14,7030,26,5642,33,2,2.6,3.8,28.3
2014/05/14,7030,26,5772,70,2,2.3,3.2,28.3
2014/05/14,7030,26,6257,60,2,1,1,28.3
2014/05/14,7030,26,6425,69,6,4,4.3,28.3
2014/05/14,7030,26,668,66,2,2.6,3.8,28.3
2014/05/14,7030,26,6794,54,4,3,3.6,28.3
2014/05/14,7030,26,7170,17,2,2,2.4,28.3
2014/05/14,7030,26,7192,10,3,3,4.1,28.3
2014/05/14,7030,26,7255,49,3,3.1,4.3,28.3
2014/05/14,7030,26,7290,53,3,2.1,2.7,28.3
2014/05/14,7030,26,7510,28,3,3,3.7,28.3
2014/05/14,7030,26,7670,45,4,3,3.5,28.3
2014/05/14,7030,26,8146,56,3,2.3,2.7,28.3
2014/05/14,7030,26,895869,41,13,12.6,17.6,28.3
2014/05/14,7030,26,896206,4,6,6,6.9,28.3
2014/05/14,7030,26,896340,2,3,2.3,2.9,28.3
2014/05/14,7030,26,896410,20,2,2.6,3.8,28.3
2014/05/14,7030,26,897162,27,2,1.8,2.4,28.3
2014/05/14,7030,26,8988,18,2,2,2.4,28.3
2014/05/14,7030,26,9275,73,25,18.4,22.6,28.3
2014/05/14,7030,26,9566,71,11,12.3,17,28.3
2014/05/14,7060,26,10122,50,3,1.8,2.6,47.26
2014/05/14,7060,26,10346,15,2,1.5,2.2,47.26
2014/05/14,7060,26,11608,52,7,9.3,13.5,47.26
2014/05/14,7060,26,11798,35,3,3.3,4.2,47.26
2014/05/14,7060,26,12612,72,2,2.3,3.6,47.26
2014/05/14,7060,26,12681,3,6,3.8,4.7,47.26
2014/05/14,7060,26,12682,38,20,17.7,20.9,47.26
2014/05/14,7060,26,12683,67,17,13,16.7,47.26
2014/05/14,7060,26,13347,18,2,1,1,47.26
2014/05/14,7060,26,13629,65,1,1,0.4,47.26
2014/05/14,7060,26,13636,5,2,1.8,2.4,47.26
2014/05/14,7060,26,13667,57,8,3.8,4.4,47.26
2014/05/14,7060,26,13678,56,2,2,0.8,47.26
2014/05/14,7060,26,13927,17,1,1,1.2,47.26
2014/05/14,7060,26,14025,63,4,2,2,47.26
2014/05/14,7060,26,1406,33,3,2,2.3,47.26
2014/05/14,7060,26,14157,43,13,13.3,20.9,47.26
2014/05/14,7060,26,1463,20,1,1.3,1.9,47.26
2014/05/14,7060,26,1680,45,5,5,6,47.26
2014/05/14,7060,26,2337,9,2,1.5,1.8,47.26
2014/05/14,7060,26,2390,2,5,2.5,1.5,47.26
2014/05/14,7060,26,2502,29,2,1.5,1.8,47.26
2014/05/14,7060,26,2522,75,2,1.5,1.7,47.26
2014/05/14,7060,26,258106,24,3,3.9,5.7,47.26
2014/05/14,7060,26,258214,69,7,2.5,2.5,47.26
2014/05/14,7060,26,260283,74,10,6.2,7.7,47.26
2014/05/14,7060,26,260288,4,2,2,5.4,47.26
2014/05/14,7060,26,260291,7,3,3.1,4.3,47.26
2014/05/14,7060,26,260302,49,1,1.3,1.9,47.26
2014/05/14,7060,26,260313,12,2,1.8,2.4,47.26
2014/05/14,7060,26,260315,11,1,1,1.2,47.26
2014/05/14,7060,26,260318,48,1,1.3,1.9,47.26
2014/05/14,7060,26,260319,47,1,1.3,1.9,47.26
2014/05/14,7060,26,260373,31,1,1.3,1.9,47.26
2014/05/14,7060,26,260435,55,2,1.5,1.7,47.26
2014/05/14,7060,26,260437,58,2,2,3,47.26
2014/05/14,7060,26,260442,60,2,2,2.4,47.26
2014/05/14,7060,26,260451,68,2,1,1,47.26
2014/05/14,7060,26,260454,66,9,4,4.2,47.26
2014/05/14,7060,26,262290,46,2,2.6,3.8,47.26
2014/05/14,7060,26,262300,40,4,3.5,4.7,47.26
2014/05/14,7060,26,264972,8,2,2.3,3.2,47.26
2014/05/14,7060,26,2731,30,1,1.3,1.9,47.26
2014/05/14,7060,26,291139,61,2,1,0,47.26
2014/05/14,7060,26,296374,44,2,1.8,2.4,47.26
2014/05/14,7060,26,3126,51,1,1.3,1.9,47.26
2014/05/14,7060,26,3214,37,1,1.3,1.9,47.26
2014/05/14,7060,26,329,21,1,1.3,1.9,47.26
2014/05/14,7060,26,3702,16,1,1.3,1.9,47.26
2014/05/14,7060,26,432,54,7,2.5,2.5,47.26
2014/05/14,7060,26,445660,42,3,2.8,3.7,47.26
2014/05/14,7060,26,445826,6,2,2.3,3.6,47.26
2014/05/14,7060,26,5023,73,3,3,4.1,47.26
2014/05/14,7060,26,5180,13,1,1,1.2,47.26
2014/05/14,7060,26,5262,59,2,1,1,47.26
2014/05/14,7060,26,5304,32,2,2.6,3.8,47.26
2014/05/14,7060,26,5307,28,2,2.6,3.8,47.26
2014/05/14,7060,26,5540,23,1,1.3,1.9,47.26
2014/05/14,7060,26,6664,27,7,2.5,2.5,47.26
2014/05/14,7060,26,6866,34,1,1.3,1.9,47.26
2014/05/14,7060,26,6932,36,2,2,2.4,47.26
2014/05/14,7060,26,7179,64,4,3.8,5.3,47.26
2014/05/14,7060,26,7256,1,4,2.8,3.4,47.26
2014/05/14,7060,26,7542,25,2,1.5,1.7,47.26
2014/05/14,7060,26,8163,62,9,4.7,5.6,47.26
2014/05/14,7060,26,889909,70,1,1.3,1.9,47.26
2014/05/14,7060,26,893156,71,5,3.8,4.8,47.26
2014/05/14,7060,26,893157,53,1,1,1.2,47.26
2014/05/14,7060,26,896180,76,3,3,1.2,47.26
2014/05/14,7060,26,896546,22,4,2,2,47.26
2014/05/14,7060,26,896553,10,1,1.3,1.9,47.26
2014/05/14,7060,26,896554,26,11,6.8,7.6,47.26
2014/05/14,7060,26,896556,39,3,3.1,4.3,47.26
2014/05/14,7060,26,897295,19,2,1,1,47.26
2014/05/14,7060,26,8987,41,1,1.3,1.9,47.26
2014/05/14,7060,26,9164,14,11,6.5,6.9,47.26
2014/05/14,7061,26,10188,42,1,1.3,1.9,45.03
2014/05/14,7061,26,10247,19,2,2.3,3.6,45.03
2014/05/14,7061,26,1062,47,2,2.3,3.2,45.03
2014/05/14,7061,26,11378,75,2,2.6,3.8,45.03
2014/05/14,7061,26,11584,6,7,5.5,5.5,45.03
2014/05/14,7061,26,11617,43,12,6,6,45.03
2014/05/14,7061,26,12223,1,7,2.5,2.5,45.03
2014/05/14,7061,26,12251,76,5,3,2.6,45.03
2014/05/14,7061,26,12472,17,1,1.3,1.9,45.03
2014/05/14,7061,26,12839,32,1,1.3,1.9,45.03
2014/05/14,7061,26,13074,78,5,4.5,5.4,45.03
2014/05/14,7061,26,13127,5,2,2,2.4,45.03
2014/05/14,7061,26,13872,44,2,1,1,45.03
2014/05/14,7061,26,14045,31,5,2.5,2.5,45.03
2014/05/14,7061,26,14078,30,3,3.6,5,45.03
2014/05/14,7061,26,14193,45,1,1,1.3,45.03
2014/05/14,7061,26,1526,40,1,1.3,1.9,45.03
2014/05/14,7061,26,1611,3,6,4.2,5.4,45.03
2014/05/14,7061,26,1709,68,3,1.1,1.1,45.03
2014/05/14,7061,26,250685,12,1,1.3,1.9,45.03
2014/05/14,7061,26,250698,14,1,1,1.2,45.03
2014/05/14,7061,26,250703,16,4,5.3,7.8,45.03
2014/05/14,7061,26,250711,18,1,1.3,1.9,45.03
2014/05/14,7061,26,255415,74,2,1.8,2.4,45.03
2014/05/14,7061,26,255418,62,6,4.4,5.9,45.03
2014/05/14,7061,26,2563,77,1,1.3,1.9,45.03
2014/05/14,7061,26,258856,25,4,3.3,4.1,45.03
2014/05/14,7061,26,258895,20,5,4.9,6.7,45.03
2014/05/14,7061,26,258896,21,3,3.6,4.8,45.03
2014/05/14,7061,26,258897,22,2,1,1,45.03
2014/05/14,7061,26,258899,23,2,2.6,3.8,45.03
2014/05/14,7061,26,258904,24,8,4.8,5.7,45.03
2014/05/14,7061,26,258950,10,2,2.6,3.8,45.03
2014/05/14,7061,26,258960,15,1,1.3,1.9,45.03
2014/05/14,7061,26,258961,8,3,3.9,5.7,45.03
2014/05/14,7061,26,258977,9,1,1.3,1.9,45.03
2014/05/14,7061,26,259924,55,2,2.6,3.8,45.03
2014/05/14,7061,26,259929,53,5,4.9,6.7,45.03
2014/05/14,7061,26,259953,48,2,1.8,2.4,45.03
2014/05/14,7061,26,259959,49,3,2.5,3.4,45.03
2014/05/14,7061,26,259966,69,6,4.2,5.4,45.03
2014/05/14,7061,26,260016,70,5,3,3.3,45.03
2014/05/14,7061,26,263033,67,2,1,1,45.03
2014/05/14,7061,26,265025,34,1,1.3,1.9,45.03
2014/05/14,7061,26,291351,57,2,2.6,3.8,45.03
2014/05/14,7061,26,292736,33,2,1,1,45.03
2014/05/14,7061,26,293185,26,4,2.5,2.7,45.03
2014/05/14,7061,26,295167,73,3,2.3,2.9,45.03
2014/05/14,7061,26,296388,71,1,1,1.3,45.03
2014/05/14,7061,26,3183,29,2,2.6,3.8,45.03
2014/05/14,7061,26,323,58,9,4.8,5.6,45.03
2014/05/14,7061,26,3287,2,1,1.3,1.9,45.03
2014/05/14,7061,26,445627,50,2,2.6,3.8,45.03
2014/05/14,7061,26,445878,66,7,3,2.5,45.03
2014/05/14,7061,26,446202,7,3,3.3,4.3,45.03
2014/05/14,7061,26,446363,51,3,3,4.1,45.03
2014/05/14,7061,26,5070,4,4,2.3,1.9,45.03
2014/05/14,7061,26,5408,65,3,2,2.2,45.03
2014/05/14,7061,26,6776,35,2,2.7,3.9,45.03
2014/05/14,7061,26,6841,37,2,2.6,3.8,45.03
2014/05/14,7061,26,7207,61,2,1.8,2.4,45.03
2014/05/14,7061,26,7886,52,2,2.6,3.8,45.03
2014/05/14,7061,26,7960,54,1,1.3,1.9,45.03
2014/05/14,7061,26,8030,38,1,1,1.7,45.03
2014/05/14,7061,26,834,72,2,2.3,3.6,45.03
2014/05/14,7061,26,8505,59,2,1.8,2.4,45.03
2014/05/14,7061,26,8819,64,4,2.2,2.8,45.03
2014/05/14,7061,26,888335,13,2,2.3,3.6,45.03
2014/05/14,7061,26,889905,46,5,2.5,2.5,45.03
2014/05/14,7061,26,896247,41,2,2,2.4,45.03
2014/05/14,7061,26,896610,11,2,2.3,3.1,45.03
2014/05/14,7061,26,896743,60,1,1.3,1.9,45.03
2014/05/14,7061,26,897372,56,2,1,1,45.03
2014/05/14,7061,26,9278,39,5,4,4.2,45.03
2014/05/14,7061,26,9573,36,2,2,2.4,45.03
2014/05/14,7061,26,9637,27,1,1.3,1.9,45.03
2014/05/14,7061,26,9777,63,2,1.8,2.4,45.03
2014/05/14,7061,26,9827,28,3,2,2.2,45.03
2014/05/14,7062,26,10308,13,2,2.6,3.8,24.51
2014/05/14,7062,26,10586,12,2,2,2.9,24.51
2014/05/14,7062,26,11314,28,3,2,2.7,24.51
2014/05/14,7062,26,1146,8,4,2.8,3.4,24.51
2014/05/14,7062,26,12542,19,2,1.8,2.4,24.51
2014/05/14,7062,26,1259,58,4,3.6,4.8,24.51
2014/05/14,7062,26,13343,68,3,2,2.2,24.51
2014/05/14,7062,26,13372,26,4,3.5,3.7,24.51
2014/05/14,7062,26,13616,65,3,2.5,3.1,24.51
2014/05/14,7062,26,2418,31,3,1.9,2.5,24.51
2014/05/14,7062,26,255542,54,2,2.6,3.8,24.51
2014/05/14,7062,26,257759,44,4,5.2,7.6,24.51
2014/05/14,7062,26,259214,24,5,4.1,5.3,24.51
2014/05/14,7062,26,259218,29,1,1.3,1.9,24.51
2014/05/14,7062,26,259227,27,2,2.3,3.2,24.51
2014/05/14,7062,26,259373,55,5,4.6,5.9,24.51
2014/05/14,7062,26,261541,48,6,4.9,6.4,24.51
2014/05/14,7062,26,261691,16,2,1.8,2.4,24.51
2014/05/14,7062,26,2623,38,5,2.5,2.5,24.51
2014/05/14,7062,26,265000,40,7,2.5,2.5,24.51
2014/05/14,7062,26,288018,67,12,5,5,24.51
2014/05/14,7062,26,288039,62,8,4.8,5.4,24.51
2014/05/14,7062,26,293061,69,7,6.1,7.8,24.51
2014/05/14,7062,26,293481,63,10,10,10.9,24.51
2014/05/14,7062,26,295026,41,3,3.1,4.3,24.51
2014/05/14,7062,26,296033,36,6,5.9,7.9,24.51
2014/05/14,7062,26,296185,15,1,1.3,1.9,24.51
2014/05/14,7062,26,296715,30,10,4.8,6.2,24.51
2014/05/14,7062,26,296775,25,4,5.4,7.8,24.51
2014/05/14,7062,26,3302,47,11,9.7,12.6,24.51
2014/05/14,7062,26,3347,39,6,6.4,8.6,24.51
2014/05/14,7062,26,3833,35,4,3.6,4.8,24.51
2014/05/14,7062,26,397,3,36,13.9,13.9,24.51
2014/05/14,7062,26,4041,6,10,10,10.8,24.51
2014/05/14,7062,26,4173,37,6,6,6.9,24.51
2014/05/14,7062,26,4184,53,2,2.6,3.8,24.51
2014/05/14,7062,26,446481,61,3,1.5,1.5,24.51
2014/05/14,7062,26,447120,21,2,2,2.4,24.51
2014/05/14,7062,26,447426,42,3,4,5.8,24.51
2014/05/14,7062,26,4801,32,4,3.9,5.4,24.51
2014/05/14,7062,26,5675,59,1,1.3,1.9,24.51
2014/05/14,7062,26,5789,2,4,2,2,24.51
2014/05/14,7062,26,6137,33,3,2.3,2.9,24.51
2014/05/14,7062,26,6258,50,6,3.7,4.5,24.51
2014/05/14,7062,26,6259,49,3,3.6,5.1,24.51
2014/05/14,7062,26,6323,46,2,2.6,3.8,24.51
2014/05/14,7062,26,6385,17,3,1.5,1.5,24.51
2014/05/14,7062,26,673,56,2,1.8,2.4,24.51
2014/05/14,7062,26,6764,22,2,2,2.4,24.51
2014/05/14,7062,26,6765,23,3,2.8,3.7,24.51
2014/05/14,7062,26,7268,34,8,8.1,10.8,24.51
2014/05/14,7062,26,7666,1,3,1.5,1.5,24.51
2014/05/14,7062,26,7692,60,3,1.8,2,24.51
2014/05/14,7062,26,7698,10,2,2.6,3.8,24.51
2014/05/14,7062,26,819,57,3,2.3,3.1,24.51
2014/05/14,7062,26,8483,66,3,2.3,2.9,24.51
2014/05/14,7062,26,8506,7,10,5,5,24.51
2014/05/14,7062,26,890598,11,3,3.1,4.4,24.51
2014/05/14,7062,26,8908,51,6,3,3,24.51
2014/05/14,7062,26,895704,43,2,1.8,2.4,24.51
2014/05/14,7062,26,896027,18,2,1.8,2.4,24.51
2014/05/14,7062,26,896502,14,2,2.6,3.8,24.51
2014/05/14,7062,26,896658,4,22,14.1,15.6,24.51
2014/05/14,7062,26,896918,5,4,2,2,24.51
2014/05/14,7062,26,897036,45,6,3,3,24.51
2014/05/14,7062,26,9287,9,4,3.6,4.8,24.51
2014/05/14,7062,26,9622,70,3,2,2.7,24.51
2014/05/14,7062,26,9849,64,2,2,1.7,24.51
2014/05/14,7062,26,985,20,3,3,3.2,24.51
2014/05/14,7062,26,9970,52,3,1.6,2.3,24.51
2014/05/14,7070,26,10061,23,2,1.5,1.9,64.82
2014/05/14,7070,26,10376,85,3,1.5,1.6,64.82
2014/05/14,7070,26,10677,13,1,1.3,1.9,64.82
2014/05/14,7070,26,11448,62,2,2.6,3.8,64.82
2014/05/14,7070,26,11532,25,3,3.2,4.4,64.82
2014/05/14,7070,26,11622,20,1,1.3,1.9,64.82
2014/05/14,7070,26,11652,63,1,1.3,1.9,64.82
2014/05/14,7070,26,11959,35,2,2.6,3.8,64.82
2014/05/14,7070,26,12378,44,2,2.6,3.8,64.82
2014/05/14,7070,26,12759,48,8,3.4,3.9,64.82
2014/05/14,7070,26,12780,88,4,2.8,3.5,64.82
2014/05/14,7070,26,12909,14,13,6.3,6.6,64.82
2014/05/14,7070,26,12936,45,1,1.3,1.9,64.82
2014/05/14,7070,26,13140,7,1,1.3,1.9,64.82
2014/05/14,7070,26,13308,59,10,9.3,11.6,64.82
2014/05/14,7070,26,1355,5,2,1,1,64.82
2014/05/14,7070,26,13685,65,2,2.6,3.8,64.82
2014/05/14,7070,26,14007,46,1,1.3,1.9,64.82
2014/05/14,7070,26,14124,24,4,1.6,1.6,64.82
2014/05/14,7070,26,14200,26,1,1,1.3,64.82
2014/05/14,7070,26,14201,27,2,1.5,2.3,64.82
2014/05/14,7070,26,201323,18,2,1,1,64.82
2014/05/14,7070,26,202751,17,2,2.6,3.8,64.82
2014/05/14,7070,26,265066,4,5,5,4.7,64.82
2014/05/14,7070,26,2974,67,2,1.8,2.4,64.82
2014/05/14,7070,26,317,37,2,1.8,2.4,64.82
2014/05/14,7070,26,3328,60,4,5.3,7.7,64.82
2014/05/14,7070,26,3331,80,1,1,1.2,64.82
2014/05/14,7070,26,352701,73,1,1.3,1.9,64.82
2014/05/14,7070,26,3580,51,1,1.3,1.9,64.82
2014/05/14,7070,26,369408,36,2,1.8,2.4,64.82
2014/05/14,7070,26,369438,1,2,1.8,2.4,64.82
2014/05/14,7070,26,369452,87,4,4.6,6.3,64.82
2014/05/14,7070,26,369468,77,4,3,4,64.82
2014/05/14,7070,26,369471,79,13,5.5,5.5,64.82
2014/05/14,7070,26,369477,84,3,2.3,2.9,64.82
2014/05/14,7070,26,369496,47,2,2,3.4,64.82
2014/05/14,7070,26,369498,50,3,3.1,4.4,64.82
2014/05/14,7070,26,369506,55,2,2.3,3.6,64.82
2014/05/14,7070,26,369514,71,2,2.7,3.9,64.82
2014/05/14,7070,26,369516,69,2,1.8,2.4,64.82
2014/05/14,7070,26,369527,58,1,1.3,1.9,64.82
2014/05/14,7070,26,369565,10,6,6,3.4,64.82
2014/05/14,7070,26,381251,56,1,1.3,1.9,64.82
2014/05/14,7070,26,3834,54,2,2.6,3.8,64.82
2014/05/14,7070,26,392260,86,1,1.3,1.9,64.82
2014/05/14,7070,26,397320,43,1,1,1.7,64.82
2014/05/14,7070,26,398217,11,3,2,2.3,64.82
2014/05/14,7070,26,4423,29,2,1.8,2.4,64.82
2014/05/14,7070,26,444074,31,5,4.2,5.4,64.82
2014/05/14,7070,26,444491,74,3,3.7,5.6,64.82
2014/05/14,7070,26,445888,32,5,3.8,4.6,64.82
2014/05/14,7070,26,446104,40,1,1.3,1.9,64.82
2014/05/14,7070,26,447862,8,2,2.6,3.8,64.82
2014/05/14,7070,26,448014,38,4,2.8,3.4,64.82
2014/05/14,7070,26,448602,61,2,2.7,3.9,64.82
2014/05/14,7070,26,464,42,3,2.3,2.9,64.82
2014/05/14,7070,26,4676,57,10,6.2,8.1,64.82
2014/05/14,7070,26,5097,76,9,4.5,5.9,64.82
2014/05/14,7070,26,5114,39,1,1.3,1.9,64.82
2014/05/14,7070,26,5313,72,1,1.3,1.9,64.82
2014/05/14,7070,26,5831,2,3,2.5,2.9,64.82
2014/05/14,7070,26,5832,75,3,3.3,4.1,64.82
2014/05/14,7070,26,5833,66,2,1,1,64.82
2014/05/14,7070,26,6300,81,3,1.3,1.3,64.82
2014/05/14,7070,26,6368,53,1,1.3,1.9,64.82
2014/05/14,7070,26,6414,3,2,2.6,3.8,64.82
2014/05/14,7070,26,6415,83,2,2,2.5,64.82
2014/05/14,7070,26,6592,78,7,2.5,2.5,64.82
2014/05/14,7070,26,7506,70,3,3.1,4.3,64.82
2014/05/14,7070,26,7626,68,1,1,1.2,64.82
2014/05/14,7070,26,7927,89,7,6.6,8.2,64.82
2014/05/14,7070,26,8109,30,2,1.8,2.5,64.82
2014/05/14,7070,26,8447,64,5,5.6,7.9,64.82
2014/05/14,7070,26,891199,41,4,3.6,4.8,64.82
2014/05/14,7070,26,891866,52,3,3.6,5,64.82
2014/05/14,7070,26,892169,90,2,2,2.3,64.82
2014/05/14,7070,26,895746,49,3,4,5.8,64.82
2014/05/14,7070,26,896225,12,3,2.5,2.9,64.82
2014/05/14,7070,26,896655,9,4,4.7,6.4,64.82
2014/05/14,7070,26,896739,28,1,1.3,1.9,64.82
2014/05/14,7070,26,897541,16,2,2.6,3.8,64.82
2014/05/14,7070,26,897919,19,8,7.8,10.4,64.82
2014/05/14,7070,26,898082,15,5,1.5,1.5,64.82
2014/05/14,7070,26,898139,21,2,2.3,3.1,64.82
2014/05/14,7070,26,898168,22,1,1.3,1.9,64.82
2014/05/14,7070,26,9279,82,1,1,1.2,64.82
2014/05/14,7070,26,9478,34,4,2,2,64.82
2014/05/14,7070,26,9479,33,10,5.5,5.7,64.82
2014/05/14,7070,26,9680,6,3,4,5.8,64.82
