2014/04/24,102,4,10342,51,11,8.5,11.3,32.24
2014/04/24,102,4,11974,43,5,6.7,9.7,32.24
2014/04/24,102,4,12051,1,4,4,2.3,32.24
2014/04/24,102,4,12347,21,5,2,1.1,32.24
2014/04/24,102,4,12540,10,12,8.3,10.7,32.24
2014/04/24,102,4,12550,42,40,32.5,34.6,32.24
2014/04/24,102,4,13502,65,35,16.8,20.2,32.24
2014/04/24,102,4,13504,66,4,4.1,8.6,32.24
2014/04/24,102,4,13545,58,5,3.8,7.6,32.24
2014/04/24,102,4,13548,57,4,2.8,3.7,32.24
2014/04/24,102,4,13550,59,3,2.8,3.7,32.24
2014/04/24,102,4,13698,44,2,1.8,2.4,32.24
2014/04/24,102,4,13730,30,13,8,8.8,32.24
2014/04/24,102,4,13733,33,17,8.8,9.2,32.24
2014/04/24,102,4,13734,31,11,8.7,12,32.24
2014/04/24,102,4,13963,16,3,2.1,2.7,32.24
2014/04/24,102,4,13988,55,1,1.3,1.9,32.24
2014/04/24,102,4,14439,4,10,5.8,7.2,32.24
2014/04/24,102,4,16307,25,8,6.7,9.2,32.24
2014/04/24,102,4,17353,23,1,1,1,32.24
2014/04/24,102,4,18548,24,19,13.6,17.2,32.24
2014/04/24,102,4,18651,61,6,3,3,32.24
2014/04/24,102,4,18695,47,7,7.9,10.9,32.24
2014/04/24,102,4,18830,12,4,3.4,4.6,32.24
2014/04/24,102,4,19130,39,13,10.6,10.3,32.24
2014/04/24,102,4,19612,28,6,3.5,3.8,32.24
2014/04/24,102,4,19936,8,11,2.9,1.3,32.24
2014/04/24,102,4,20353,35,5,2.5,2.5,32.24
2014/04/24,102,4,21043,48,2,1,1,32.24
2014/04/24,102,4,21662,50,1,1.3,1.9,32.24
2014/04/24,102,4,21695,49,2,1,1,32.24
2014/04/24,102,4,22679,52,2,1,1,32.24
2014/04/24,102,4,23945,38,7,5.1,6.3,32.24
2014/04/24,102,4,24409,20,3,1.5,1.5,32.24
2014/04/24,102,4,24510,32,2,1,1,32.24
2014/04/24,102,4,24520,60,3,1.5,1.5,32.24
2014/04/24,102,4,24654,15,7,4.2,6.3,32.24
2014/04/24,102,4,25071,13,1,1,1.7,32.24
2014/04/24,102,4,25132,18,9,6.5,8.3,32.24
2014/04/24,102,4,40175,34,7,6,7.8,32.24
2014/04/24,102,4,40177,56,7,5.4,7.4,32.24
2014/04/24,102,4,40185,46,4,3.1,4.3,32.24
2014/04/24,102,4,4342,11,11,9,11.4,32.24
2014/04/24,102,4,4561,64,4,2.5,2.8,32.24
2014/04/24,102,4,4677,9,3,3,3.2,32.24
2014/04/24,102,4,534186,29,16,11.3,16.9,32.24
2014/04/24,102,4,534337,17,5,5.3,7,32.24
2014/04/24,102,4,5795,2,24,13.6,7.8,32.24
2014/04/24,102,4,5916,40,1,1,4.2,32.24
2014/04/24,102,4,6536,62,10,10,10.9,32.24
2014/04/24,102,4,7102,45,8,4.3,4.9,32.24
2014/04/24,102,4,7185,63,6,2.2,2.2,32.24
2014/04/24,102,4,7666,26,1,1.3,1.9,32.24
2014/04/24,102,4,8244,36,2,1,1,32.24
2014/04/24,102,4,8612,5,2,2.6,3.8,32.24
2014/04/24,102,4,8621,3,38,19,20.5,32.24
2014/04/24,102,4,8640,7,5,2.3,2.6,32.24
2014/04/24,102,4,8642,6,7,5.1,6.3,32.24
2014/04/24,102,4,8693,27,1,1.3,1.9,32.24
2014/04/24,102,4,9084,53,5,4.2,5.4,32.24
2014/04/24,102,4,9990690,14,4,3.8,5.8,32.24
2014/04/24,102,4,9990862,54,3,3.6,5,32.24
2014/04/24,102,4,9993729,37,2,1.8,2.4,32.24
2014/04/24,102,4,9999007,19,3,3,5.1,32.24
2014/04/24,102,4,9999595,22,3,1.8,2,32.24
2014/04/24,102,4,9999827,41,7,3.5,3.5,32.24
2014/04/24,103,4,10038,46,10,10,11.1,39.44
2014/04/24,103,4,10143,34,5,3.7,5,39.44
2014/04/24,103,4,11231,43,5,4,4.1,39.44
2014/04/24,103,4,11691,29,4,3.8,4.9,39.44
2014/04/24,103,4,12055,52,102,43.1,47,39.44
2014/04/24,103,4,12116,25,5,5.6,13.5,39.44
2014/04/24,103,4,13037,14,9,4.1,4.3,39.44
2014/04/24,103,4,13040,17,5,4.1,5.3,39.44
2014/04/24,103,4,13047,8,2,1.6,2.2,39.44
2014/04/24,103,4,13838,58,7,4.8,5.6,39.44
2014/04/24,103,4,13868,41,14,8.4,9.6,39.44
2014/04/24,103,4,15180,7,3,2.3,3.7,39.44
2014/04/24,103,4,16093,57,5,4.1,5.3,39.44
2014/04/24,103,4,16861,22,3,2.6,3.7,39.44
2014/04/24,103,4,17126,11,50,25,25,39.44
2014/04/24,103,4,18017,13,6,4.8,5.7,39.44
2014/04/24,103,4,18057,2,5,5,2.8,39.44
2014/04/24,103,4,18229,3,3,3,2.9,39.44
2014/04/24,103,4,18610,6,8,5.6,6.8,39.44
2014/04/24,103,4,19124,62,14,9.2,10.9,39.44
2014/04/24,103,4,19326,15,5,2.5,2.6,39.44
2014/04/24,103,4,19376,51,3,1.5,1.5,39.44
2014/04/24,103,4,20094,9,14,9.4,11.6,39.44
2014/04/24,103,4,20847,16,2,1.5,1.1,39.44
2014/04/24,103,4,21663,59,5,2.1,2.1,39.44
2014/04/24,103,4,23622,20,5,5,2.8,39.44
2014/04/24,103,4,23731,18,12,11,10.7,39.44
2014/04/24,103,4,24387,45,10,10,11.1,39.44
2014/04/24,103,4,24692,48,17,9.1,9.6,39.44
2014/04/24,103,4,24744,47,5,5,4.6,39.44
2014/04/24,103,4,24763,10,8,10.7,15.5,39.44
2014/04/24,103,4,25107,53,1,1.3,1.9,39.44
2014/04/24,103,4,40070,19,5,2.5,2.9,39.44
2014/04/24,103,4,40159,40,6,3,3.1,39.44
2014/04/24,103,4,41892,60,4,3.8,5.5,39.44
2014/04/24,103,4,4265,44,3,3,2.9,39.44
2014/04/24,103,4,4496,56,25,9,10.3,39.44
2014/04/24,103,4,4681,36,2,2,1.1,39.44
2014/04/24,103,4,4682,35,6,6,6.2,39.44
2014/04/24,103,4,5908,21,4,2.8,3.7,39.44
2014/04/24,103,4,6089,24,4,4.1,5.3,39.44
2014/04/24,103,4,6197,4,2,2,2.6,39.44
2014/04/24,103,4,6475,61,5,5,5.6,39.44
2014/04/24,103,4,6736,55,7,4.9,6.1,39.44
2014/04/24,103,4,6792,1,10,5,5,39.44
2014/04/24,103,4,6795,49,20,10,10,39.44
2014/04/24,103,4,6796,30,10,5,5,39.44
2014/04/24,103,4,7346,42,3,2.8,3.6,39.44
2014/04/24,103,4,7665,26,11,11,13.5,39.44
2014/04/24,103,4,8143,50,48,22,23.1,39.44
2014/04/24,103,4,8664,37,7,6.9,8.6,39.44
2014/04/24,103,4,8669,12,5,3.6,4.2,39.44
2014/04/24,103,4,8670,32,2,2,2.5,39.44
2014/04/24,103,4,8672,28,10,5.4,5.8,39.44
2014/04/24,103,4,8679,54,10,4.4,4.6,39.44
2014/04/24,103,4,8973,31,10,8.1,11.5,39.44
2014/04/24,103,4,9867,39,3,3.1,4.3,39.44
2014/04/24,103,4,9990571,5,5,2.5,2.5,39.44
2014/04/24,103,4,9998194,33,13,9.3,10.3,39.44
2014/04/24,103,4,9998549,38,1,1.3,1.9,39.44
2014/04/24,103,4,9998726,23,9,4.9,5.5,39.44
2014/04/24,103,4,9998898,63,50,50,53,39.44
2014/04/24,103,4,9999455,27,6,4.1,4.9,39.44
2014/04/24,104,4,10293,32,8,6.9,8.8,34.95
2014/04/24,104,4,14925,28,4,2.3,1.9,34.95
2014/04/24,104,4,15605,16,7,3.3,3.9,34.95
2014/04/24,104,4,16174,61,4,2,2,34.95
2014/04/24,104,4,16181,31,7,3.3,3.3,34.95
2014/04/24,104,4,17547,14,6,2.5,2.6,34.95
2014/04/24,104,4,18219,24,7,3.8,4.2,34.95
2014/04/24,104,4,18587,2,3,3.1,4.3,34.95
2014/04/24,104,4,18985,25,3,1.5,1.5,34.95
2014/04/24,104,4,19532,19,3,1.5,1.5,34.95
2014/04/24,104,4,20090,12,3,2.8,3.7,34.95
2014/04/24,104,4,20719,11,4,2,2,34.95
2014/04/24,104,4,21667,29,5,3.3,3.9,34.95
2014/04/24,104,4,22398,17,11,5.5,5.5,34.95
2014/04/24,104,4,22868,53,24,18.5,18.1,34.95
2014/04/24,104,4,23623,62,25,25,31.3,34.95
2014/04/24,104,4,23710,35,5,1.8,2,34.95
2014/04/24,104,4,24058,49,1,1.3,1.9,34.95
2014/04/24,104,4,24099,40,5,2.5,2.5,34.95
2014/04/24,104,4,24161,36,11,5.5,5.5,34.95
2014/04/24,104,4,24645,3,2,2.6,3.8,34.95
2014/04/24,104,4,24828,48,54,16,9.9,34.95
2014/04/24,104,4,24926,50,5,5,5.5,34.95
2014/04/24,104,4,24950,57,1,1.3,1.9,34.95
2014/04/24,104,4,3791,54,4,2.6,3.2,34.95
2014/04/24,104,4,40006,34,5,5,6.4,34.95
2014/04/24,104,4,40013,23,11,5.5,5.6,34.95
2014/04/24,104,4,40026,7,7,3.5,3.5,34.95
2014/04/24,104,4,40035,15,33,29,36,34.95
2014/04/24,104,4,40044,38,7,5.7,6.9,34.95
2014/04/24,104,4,41608,39,4,2.4,3,34.95
2014/04/24,104,4,41609,26,8,3.6,3.6,34.95
2014/04/24,104,4,4783,37,2,1.6,2.4,34.95
2014/04/24,104,4,533745,52,7,6.1,8.3,34.95
2014/04/24,104,4,534258,30,4,2,2.2,34.95
2014/04/24,104,4,534282,45,2,1,1,34.95
2014/04/24,104,4,6255,42,1,1,1.1,34.95
2014/04/24,104,4,6518,46,6,5.6,7.1,34.95
2014/04/24,104,4,6565,41,3,1.9,2.5,34.95
2014/04/24,104,4,6574,43,3,1.5,1.7,34.95
2014/04/24,104,4,6730,8,4,2.4,3,34.95
2014/04/24,104,4,7293,21,3,4,5.8,34.95
2014/04/24,104,4,7472,1,5,2.5,3,34.95
2014/04/24,104,4,7479,18,6,3,3,34.95
2014/04/24,104,4,7535,27,2,2.6,3.8,34.95
2014/04/24,104,4,7537,22,2,2.7,3.9,34.95
2014/04/24,104,4,7538,47,6,3.4,4.1,34.95
2014/04/24,104,4,7543,44,3,2,2,34.95
2014/04/24,104,4,7741,56,2,2.6,3.8,34.95
2014/04/24,104,4,7981,4,8,4.3,5.1,34.95
2014/04/24,104,4,8011,55,9,8.8,11.7,34.95
2014/04/24,104,4,8024,58,18,13.3,16.2,34.95
2014/04/24,104,4,8614,60,4,4.2,6.1,34.95
2014/04/24,104,4,8618,63,3,2.3,2.9,34.95
2014/04/24,104,4,9990529,5,21,10.1,11.3,34.95
2014/04/24,104,4,9990533,33,3,1.1,1.1,34.95
2014/04/24,104,4,9990594,13,2,1,1.2,34.95
2014/04/24,104,4,9990650,10,4,3.1,4.3,34.95
2014/04/24,104,4,9990669,20,1,1.3,1.9,34.95
2014/04/24,104,4,9998957,59,23,14.4,16.8,34.95
2014/04/24,104,4,9999805,9,10,3.2,3.2,34.95
2014/04/24,104,4,9999811,6,2,2.6,3.8,34.95
2014/04/24,104,4,9999849,51,12,9.6,10.6,34.95
2014/04/24,105,4,11766,68,2,2,0.8,31.86
2014/04/24,105,4,13122,27,5,3.3,3.9,31.86
2014/04/24,105,4,13125,21,2,2.3,3.2,31.86
2014/04/24,105,4,13127,24,2,2.6,3.8,31.86
2014/04/24,105,4,13148,25,4,2,2.2,31.86
2014/04/24,105,4,13151,17,6,4.7,5.9,31.86
2014/04/24,105,4,13152,19,5,4.1,5.3,31.86
2014/04/24,105,4,13153,29,12,6,6,31.86
2014/04/24,105,4,13224,30,6,3.5,4.3,31.86
2014/04/24,105,4,13681,39,10,5,5,31.86
2014/04/24,105,4,16192,6,2,2.6,3.8,31.86
2014/04/24,105,4,17392,66,21,7.5,8.3,31.86
2014/04/24,105,4,17437,52,9,6.7,8.7,31.86
2014/04/24,105,4,17541,34,7,4.9,6,31.86
2014/04/24,105,4,18368,43,4,2,2.2,31.86
2014/04/24,105,4,18824,11,15,9.9,11.4,31.86
2014/04/24,105,4,19903,57,2,1,1,31.86
2014/04/24,105,4,20252,15,10,10,4,31.86
2014/04/24,105,4,20283,41,2,1.6,2.2,31.86
2014/04/24,105,4,21633,49,11,3.7,3.7,31.86
2014/04/24,105,4,21679,63,2,2,2.5,31.86
2014/04/24,105,4,22035,55,5,3.1,3.7,31.86
2014/04/24,105,4,22524,42,4,2.6,3.5,31.86
2014/04/24,105,4,22546,67,5,5,4.6,31.86
2014/04/24,105,4,24060,56,7,5.2,7.1,31.86
2014/04/24,105,4,24276,1,5,4.7,6.2,31.86
2014/04/24,105,4,24644,31,2,2,0.8,31.86
2014/04/24,105,4,24758,16,5,2.5,2.5,31.86
2014/04/24,105,4,24789,33,2,2,2.6,31.86
2014/04/24,105,4,24882,48,2,1.8,2.4,31.86
2014/04/24,105,4,24928,61,6,1.8,1.8,31.86
2014/04/24,105,4,342382,23,2,2.3,3.1,31.86
2014/04/24,105,4,40251,40,19,14.4,17.3,31.86
2014/04/24,105,4,40268,2,12,9.4,11.2,31.86
2014/04/24,105,4,41525,8,4,1.2,1.2,31.86
2014/04/24,105,4,4167,38,6,3.3,3.7,31.86
2014/04/24,105,4,4351,22,7,7.3,7.7,31.86
2014/04/24,105,4,5805,5,6,5.1,6.7,31.86
2014/04/24,105,4,5992,51,10,5.5,6.7,31.86
2014/04/24,105,4,6002,37,1,1.3,1.9,31.86
2014/04/24,105,4,6115,59,5,3,3.5,31.86
2014/04/24,105,4,6134,44,9,6,8,31.86
2014/04/24,105,4,6137,45,4,3.3,4.1,31.86
2014/04/24,105,4,6207,46,3,1.1,1.1,31.86
2014/04/24,105,4,6435,54,7,7.6,10.6,31.86
2014/04/24,105,4,6841,47,3,1.5,1.5,31.86
2014/04/24,105,4,6849,32,5,5,2,31.86
2014/04/24,105,4,6909,65,8,6.1,7.6,31.86
2014/04/24,105,4,6925,60,7,6.5,8.2,31.86
2014/04/24,105,4,6988,12,26,25.5,31.8,31.86
2014/04/24,105,4,7002,14,24,18.1,20.5,31.86
2014/04/24,105,4,7158,4,5,5,2,31.86
2014/04/24,105,4,7576,69,4,2,2,31.86
2014/04/24,105,4,7583,36,5,2.5,2.5,31.86
2014/04/24,105,4,7585,10,27,17.2,21,31.86
2014/04/24,105,4,7590,35,6,4,4.5,31.86
2014/04/24,105,4,7599,53,5,5.3,6,31.86
2014/04/24,105,4,8209,3,14,9.1,10,31.86
2014/04/24,105,4,8335,58,8,6.8,6.6,31.86
2014/04/24,105,4,9066,64,5,2.1,2.1,31.86
2014/04/24,105,4,9109,50,5,2.5,2.5,31.86
2014/04/24,105,4,9111,26,9,7,8.9,31.86
2014/04/24,105,4,9114,20,2,2.6,3.8,31.86
2014/04/24,105,4,9668,13,3,2.8,3.7,31.86
2014/04/24,105,4,9990453,62,6,3,3,31.86
2014/04/24,105,4,9998191,18,6,7.9,11.5,31.86
2014/04/24,105,4,9998716,7,5,2.5,2.5,31.86
2014/04/24,105,4,9998836,9,2,1,1,31.86
2014/04/24,105,4,9999873,28,5,3.3,3.9,31.86
2014/04/24,106,4,10660,19,4,2.1,2.4,30.25
2014/04/24,106,4,10896,14,6,3.5,4.2,30.25
2014/04/24,106,4,11601,23,5,4.9,6.6,30.25
2014/04/24,106,4,11642,53,57,50,50.9,30.25
2014/04/24,106,4,12298,31,5,4.6,5.8,30.25
2014/04/24,106,4,12833,65,3,2.3,5.7,30.25
2014/04/24,106,4,12865,59,4,1.2,1.2,30.25
2014/04/24,106,4,12939,54,3,2.3,2.9,30.25
2014/04/24,106,4,13002,27,3,3.6,5.1,30.25
2014/04/24,106,4,13012,32,5,3.5,3.9,30.25
2014/04/24,106,4,13611,45,10,5.9,7.4,30.25
2014/04/24,106,4,14562,61,12,7,7.5,30.25
2014/04/24,106,4,14724,25,19,15.8,22,30.25
2014/04/24,106,4,16087,48,4,2,2,30.25
2014/04/24,106,4,16147,3,9,5.9,7.1,30.25
2014/04/24,106,4,16173,50,28,28.2,35.7,30.25
2014/04/24,106,4,16242,15,10,10,11,30.25
2014/04/24,106,4,16839,57,4,3,4.4,30.25
2014/04/24,106,4,18027,8,7,5.9,7.6,30.25
2014/04/24,106,4,19235,47,5,5,4.7,30.25
2014/04/24,106,4,19427,41,3,2.5,2.9,30.25
2014/04/24,106,4,20308,13,3,3,3.6,30.25
2014/04/24,106,4,21440,34,1,1.3,1.9,30.25
2014/04/24,106,4,23434,4,7,9.3,13.6,30.25
2014/04/24,106,4,23663,26,3,2.3,2.9,30.25
2014/04/24,106,4,24259,43,6,2.6,2.6,30.25
2014/04/24,106,4,3717,38,14,12.5,16.1,30.25
2014/04/24,106,4,3990,9,8,3.6,3.6,30.25
2014/04/24,106,4,40336,64,17,11.6,20.2,30.25
2014/04/24,106,4,40346,51,2,2,2.5,30.25
2014/04/24,106,4,40357,2,6,4,4.6,30.25
2014/04/24,106,4,40361,28,8,7,9.2,30.25
2014/04/24,106,4,40362,35,2,2.1,3.1,30.25
2014/04/24,106,4,40390,36,6,3.6,4.1,30.25
2014/04/24,106,4,4057,30,10,7.1,8.4,30.25
2014/04/24,106,4,42358,63,5,5,6.4,30.25
2014/04/24,106,4,4277,56,20,20,12.4,30.25
2014/04/24,106,4,4393,10,5,3.5,4.3,30.25
2014/04/24,106,4,5072,18,8,4.5,4.8,30.25
2014/04/24,106,4,6320,17,18,11.1,12.1,30.25
2014/04/24,106,4,6515,58,6,3,3,30.25
2014/04/24,106,4,6689,52,10,7.3,9.1,30.25
2014/04/24,106,4,6801,55,6,3,3,30.25
2014/04/24,106,4,6862,49,12,9.3,11.3,30.25
2014/04/24,106,4,7636,29,3,3.1,4.3,30.25
2014/04/24,106,4,7637,33,7,4.5,5.5,30.25
2014/04/24,106,4,8811,39,3,2.8,3.7,30.25
2014/04/24,106,4,8836,22,4,5.2,7.6,30.25
2014/04/24,106,4,8843,24,9,5.9,7.1,30.25
2014/04/24,106,4,8884,16,12,6.2,6.5,30.25
2014/04/24,106,4,8887,12,5,3.5,4.1,30.25
2014/04/24,106,4,8894,6,10,8.2,11.2,30.25
2014/04/24,106,4,8937,7,6,4.9,6.1,30.25
2014/04/24,106,4,8941,44,3,1.5,1.3,30.25
2014/04/24,106,4,9118,62,3,2.6,3.5,30.25
2014/04/24,106,4,9119,60,6,3,3,30.25
2014/04/24,106,4,9127,1,1,1.3,1.9,30.25
2014/04/24,106,4,9143,21,2,1,1,30.25
2014/04/24,106,4,9147,20,3,2.3,3,30.25
2014/04/24,106,4,9666,42,4,3.3,4.2,30.25
2014/04/24,106,4,9990465,5,5,5,5.6,30.25
2014/04/24,106,4,9998140,11,7,7,8.9,30.25
2014/04/24,106,4,9998765,46,4,2.8,3.3,30.25
2014/04/24,106,4,9999661,40,2,2.6,3.8,30.25
2014/04/24,106,4,9999890,37,2,2.6,3.8,30.25
2014/04/24,108,4,10256,55,11,6.3,7.1,23.52
2014/04/24,108,4,10625,34,3,3.6,5,23.52
2014/04/24,108,4,12141,51,2,2.6,3.8,23.52
2014/04/24,108,4,13951,49,21,6,3.8,23.52
2014/04/24,108,4,13962,59,8,7.1,8.2,23.52
2014/04/24,108,4,14209,40,45,25,23,23.52
2014/04/24,108,4,14507,15,5,2.5,2.5,23.52
2014/04/24,108,4,14948,10,4,2.4,3,23.52
2014/04/24,108,4,14967,17,2,1,1,23.52
2014/04/24,108,4,15784,39,2,1,1,23.52
2014/04/24,108,4,16842,19,3,1.8,1.9,23.52
2014/04/24,108,4,18604,57,6,4.8,5.7,23.52
2014/04/24,108,4,18627,60,6,3,3.2,23.52
2014/04/24,108,4,18967,47,2,2.3,3.1,23.52
2014/04/24,108,4,19153,30,2,1.8,2.4,23.52
2014/04/24,108,4,19401,7,2,2,3.3,23.52
2014/04/24,108,4,19440,52,3,3.1,4.3,23.52
2014/04/24,108,4,19462,48,2,2.3,3.1,23.52
2014/04/24,108,4,19602,61,5,5,5.5,23.52
2014/04/24,108,4,20179,64,5,6,7.7,23.52
2014/04/24,108,4,20228,2,1,1,1.2,23.52
2014/04/24,108,4,20621,12,1,1.3,1.9,23.52
2014/04/24,108,4,21464,4,2,2.6,3.8,23.52
2014/04/24,108,4,21593,53,3,3,5.1,23.52
2014/04/24,108,4,22229,58,3,1.5,1.7,23.52
2014/04/24,108,4,23081,26,3,2.3,2.9,23.52
2014/04/24,108,4,24236,25,3,2.4,2.7,23.52
2014/04/24,108,4,24466,65,2,2,2.3,23.52
2014/04/24,108,4,24784,8,1,1,1.7,23.52
2014/04/24,108,4,24839,23,5,2.1,2.1,23.52
2014/04/24,108,4,301437,62,8,4,4.8,23.52
2014/04/24,108,4,302893,5,8,5.5,7.4,23.52
2014/04/24,108,4,303727,37,5,2.5,2.9,23.52
2014/04/24,108,4,303740,27,8,7.5,9.8,23.52
2014/04/24,108,4,303753,22,2,2.6,3.8,23.52
2014/04/24,108,4,303792,21,2,1,1,23.52
2014/04/24,108,4,303799,20,1,1.3,1.9,23.52
2014/04/24,108,4,304593,54,2,2.6,3.8,23.52
2014/04/24,108,4,304666,56,2,2.7,3.9,23.52
2014/04/24,108,4,307058,28,2,2.6,3.8,23.52
2014/04/24,108,4,307250,32,2,2,2.5,23.52
2014/04/24,108,4,313604,13,2,2.3,3.1,23.52
2014/04/24,108,4,313610,1,15,9.6,9.8,23.52
2014/04/24,108,4,313621,38,2,1.6,2.2,23.52
2014/04/24,108,4,313622,11,6,3.7,4.9,23.52
2014/04/24,108,4,313630,24,2,2.3,3.1,23.52
2014/04/24,108,4,313720,31,15,9.4,11.5,23.52
2014/04/24,108,4,313882,33,8,4.4,5.3,23.52
2014/04/24,108,4,313885,46,7,5.9,7.7,23.52
2014/04/24,108,4,341417,9,6,2.6,2.6,23.52
2014/04/24,108,4,3600,44,6,4.5,5.2,23.52
2014/04/24,108,4,534346,16,1,1.3,1.9,23.52
2014/04/24,108,4,5797,14,3,1.5,1.5,23.52
2014/04/24,108,4,59285,50,5,2.5,2.5,23.52
2014/04/24,108,4,6652,36,3,3,3.7,23.52
2014/04/24,108,4,6871,41,2,2,1.2,23.52
2014/04/24,108,4,6896,43,2,2.7,3.9,23.52
2014/04/24,108,4,7150,35,24,12,12,23.52
2014/04/24,108,4,8817,6,6,2.4,2.4,23.52
2014/04/24,108,4,969832,18,2,2.7,3.9,23.52
2014/04/24,108,4,9849,3,1,1.3,1.9,23.52
2014/04/24,108,4,9955,29,2,2.6,3.8,23.52
2014/04/24,108,4,9990618,63,4,3.3,4.2,23.52
2014/04/24,108,4,9995130,42,11,8.5,10.6,23.52
2014/04/24,108,4,9999112,45,4,2,2,23.52
2014/04/24,109,4,10303,40,8,8.1,11.4,29.34
2014/04/24,109,4,12509,5,6,6.5,8.9,29.34
2014/04/24,109,4,12514,21,13,9.6,19.1,29.34
2014/04/24,109,4,12516,22,8,5.8,9.9,29.34
2014/04/24,109,4,12530,31,105,73,77.3,29.34
2014/04/24,109,4,13023,30,5,5,5.6,29.34
2014/04/24,109,4,13026,28,5,5,5.6,29.34
2014/04/24,109,4,13027,9,6,2.8,2.8,29.34
2014/04/24,109,4,13032,27,5,5,5.5,29.34
2014/04/24,109,4,13046,25,8,6,7.4,29.34
2014/04/24,109,4,13077,36,3,2.8,3.7,29.34
2014/04/24,109,4,13080,37,8,7.2,10,29.34
2014/04/24,109,4,13081,34,5,5,5.5,29.34
2014/04/24,109,4,13085,11,5,5,6.4,29.34
2014/04/24,109,4,13111,12,3,3,3,29.34
2014/04/24,109,4,13850,1,3,3.6,5.1,29.34
2014/04/24,109,4,14056,24,5,5,5.6,29.34
2014/04/24,109,4,15485,23,2,2,1.9,29.34
2014/04/24,109,4,16315,17,5,5,5.4,29.34
2014/04/24,109,4,17621,4,7,3.1,3.3,29.34
2014/04/24,109,4,24753,2,2,1.6,2.2,29.34
2014/04/24,109,4,3611,7,9,7.4,9.7,29.34
2014/04/24,109,4,3642,3,3,2.3,3,29.34
2014/04/24,109,4,40059,13,8,3.7,4,29.34
2014/04/24,109,4,40085,18,1,1,0.4,29.34
2014/04/24,109,4,41612,29,3,2.3,2.9,29.34
2014/04/24,109,4,5825,6,6,5.6,7.3,29.34
2014/04/24,109,4,5958,33,4,2.8,3.4,29.34
2014/04/24,109,4,6094,26,2,2,1.7,29.34
2014/04/24,109,4,6095,20,2,2,2.6,29.34
2014/04/24,109,4,6151,19,2,2,0.8,29.34
2014/04/24,109,4,6789,8,15,7.5,7.5,29.34
2014/04/24,109,4,7655,32,2,2.7,3.9,29.34
2014/04/24,109,4,7716,14,5,5,6.4,29.34
2014/04/24,109,4,7721,38,7,4.3,4.9,29.34
2014/04/24,109,4,8040,42,4,2.1,2.4,29.34
2014/04/24,109,4,8042,41,21,14.3,16.7,29.34
2014/04/24,109,4,8086,10,6,5.5,7.4,29.34
2014/04/24,109,4,8088,39,6,3,3,29.34
2014/04/24,109,4,9816,43,60,30,30,29.34
2014/04/24,109,4,9996064,15,3,3,2.9,29.34
2014/04/24,109,4,9997086,16,5,5,5.5,29.34
2014/04/24,109,4,9999371,35,35,35,120.3,29.34
2014/04/24,110,4,10504,49,4,5.3,7.7,27.89
2014/04/24,110,4,10833,68,3,1.1,1.1,27.89
2014/04/24,110,4,12062,36,5,3,3.3,27.89
2014/04/24,110,4,12093,12,40,20,20,27.89
2014/04/24,110,4,12106,8,6,4.8,5.8,27.89
2014/04/24,110,4,13597,29,2,2.6,3.8,27.89
2014/04/24,110,4,14581,60,8,4.1,4.8,27.89
2014/04/24,110,4,14659,31,2,2.3,3.2,27.89
2014/04/24,110,4,15818,44,6,5.4,7.2,27.89
2014/04/24,110,4,16341,17,6,2.6,2.7,27.89
2014/04/24,110,4,16667,28,3,3,1.7,27.89
2014/04/24,110,4,16668,27,7,6.5,6.3,27.89
2014/04/24,110,4,16781,2,10,5.7,5.6,27.89
2014/04/24,110,4,17212,21,5,4.5,5.2,27.89
2014/04/24,110,4,17874,58,20,6,6,27.89
2014/04/24,110,4,18396,33,2,2,3.4,27.89
2014/04/24,110,4,19962,61,7,4.3,4.9,27.89
2014/04/24,110,4,20710,16,3,2.3,2.9,27.89
2014/04/24,110,4,23035,25,6,4.1,4,27.89
2014/04/24,110,4,23489,30,10,3.3,3.3,27.89
2014/04/24,110,4,24853,20,4,3.5,4.1,27.89
2014/04/24,110,4,4144,23,4,2.5,3,27.89
2014/04/24,110,4,4327,42,10,6.3,7.8,27.89
2014/04/24,110,4,4448,10,10,13.4,19.4,27.89
2014/04/24,110,4,4487,57,7,3.3,3.3,27.89
2014/04/24,110,4,52144,45,6,4.1,5.2,27.89
2014/04/24,110,4,55318,46,3,3.3,4.2,27.89
2014/04/24,110,4,57674,66,6,3.3,3.4,27.89
2014/04/24,110,4,61290,40,5,3.5,4.7,27.89
2014/04/24,110,4,61292,39,8,3.2,3.2,27.89
2014/04/24,110,4,61302,22,3,3.2,4.4,27.89
2014/04/24,110,4,61321,37,5,3.8,4.7,27.89
2014/04/24,110,4,61325,19,22,12.3,12.5,27.89
2014/04/24,110,4,61326,14,4,3.8,5,27.89
2014/04/24,110,4,61339,38,10,7.1,9.6,27.89
2014/04/24,110,4,61354,34,4,4.1,5.6,27.89
2014/04/24,110,4,61366,41,8,5,5.7,27.89
2014/04/24,110,4,61621,53,2,2.3,3.2,27.89
2014/04/24,110,4,61657,3,4,2,2,27.89
2014/04/24,110,4,61658,7,3,3,2.9,27.89
2014/04/24,110,4,61669,47,2,1.8,2.4,27.89
2014/04/24,110,4,61678,11,4,2.1,2.4,27.89
2014/04/24,110,4,61684,51,13,10.7,13.6,27.89
2014/04/24,110,4,61783,48,1,1,0.8,27.89
2014/04/24,110,4,61961,18,5,2.1,2.1,27.89
2014/04/24,110,4,62021,9,4,2.8,3.5,27.89
2014/04/24,110,4,62067,6,5,4,4,27.89
2014/04/24,110,4,62098,54,16,11.2,12.5,27.89
2014/04/24,110,4,62112,56,6,4.3,5.2,27.89
2014/04/24,110,4,6212,64,7,5.6,7.2,27.89
2014/04/24,110,4,62249,67,6,3.8,4.8,27.89
2014/04/24,110,4,64679,1,5,2.5,2.5,27.89
2014/04/24,110,4,6566,5,30,20,16.8,27.89
2014/04/24,110,4,6943,35,3,2.5,3.3,27.89
2014/04/24,110,4,7336,52,20,6,6,27.89
2014/04/24,110,4,73703,55,2,1,1,27.89
2014/04/24,110,4,7455,65,4,2.8,3.3,27.89
2014/04/24,110,4,78201,13,7,5.3,6.3,27.89
2014/04/24,110,4,78238,63,5,2.5,2.5,27.89
2014/04/24,110,4,8311,26,10,10,12.8,27.89
2014/04/24,110,4,8789,62,9,4.1,4.1,27.89
2014/04/24,110,4,93601,59,4,2,2,27.89
2014/04/24,110,4,95152,43,13,9.3,9.5,27.89
2014/04/24,110,4,96993,4,3,1.1,1.1,27.89
2014/04/24,110,4,9990602,24,4,4.9,7,27.89
2014/04/24,110,4,9997090,32,10,10,6.7,27.89
2014/04/24,110,4,9999016,69,9,6.3,7.6,27.89
2014/04/24,110,4,9999147,15,11,7,6.9,27.89
2014/04/24,110,4,9999899,50,6,6,6.9,27.89
2014/04/24,111,4,10053,57,4,4.1,5.5,22.42
2014/04/24,111,4,11368,30,2,2.6,3.8,22.42
2014/04/24,111,4,1180,42,7,5.8,7.1,22.42
2014/04/24,111,4,1199,23,3,2.3,2.9,22.42
2014/04/24,111,4,1318,20,2,1.8,2.4,22.42
2014/04/24,111,4,13644,1,4,3.3,3.2,22.42
2014/04/24,111,4,13771,25,4,1.4,1.4,22.42
2014/04/24,111,4,14020,9,12,10.9,13.1,22.42
2014/04/24,111,4,15209,70,3,1.5,1.5,22.42
2014/04/24,111,4,15513,52,5,3.3,3.9,22.42
2014/04/24,111,4,15987,51,13,9,8.8,22.42
2014/04/24,111,4,16286,68,5,2.5,2.5,22.42
2014/04/24,111,4,16921,38,3,1.5,1.5,22.42
2014/04/24,111,4,17001,55,5,4.8,5.3,22.42
2014/04/24,111,4,17706,46,2,2,1.9,22.42
2014/04/24,111,4,1820,24,5,2.9,3.5,22.42
2014/04/24,111,4,18935,69,5,3.3,4,22.42
2014/04/24,111,4,1984,15,4,2,2,22.42
2014/04/24,111,4,20598,12,1,1,0.8,22.42
2014/04/24,111,4,22222,54,2,1,1,22.42
2014/04/24,111,4,22713,14,12,9.5,10.2,22.42
2014/04/24,111,4,23111,41,5,2.5,2.5,22.42
2014/04/24,111,4,23881,53,3,2,2.4,22.42
2014/04/24,111,4,24056,28,5,4.6,6,22.42
2014/04/24,111,4,24129,48,6,5.4,7,22.42
2014/04/24,111,4,24153,64,7,4.8,8.8,22.42
2014/04/24,111,4,2866,29,3,2.1,2.7,22.42
2014/04/24,111,4,3057,44,9,4.7,5.2,22.42
2014/04/24,111,4,3203,19,18,15.7,19.1,22.42
2014/04/24,111,4,402102,33,2,1,1,22.42
2014/04/24,111,4,402552,47,5,3.3,3.9,22.42
2014/04/24,111,4,50282,32,9,10.1,12.8,22.42
2014/04/24,111,4,50381,11,2,1,1,22.42
2014/04/24,111,4,50382,7,12,7.6,8.8,22.42
2014/04/24,111,4,50384,61,2,1.8,2.4,22.42
2014/04/24,111,4,51635,31,5,4.2,5.4,22.42
2014/04/24,111,4,51638,40,5,2.5,2.5,22.42
2014/04/24,111,4,521,43,2,2.6,3.8,22.42
2014/04/24,111,4,52183,26,5,5.5,7.6,22.42
2014/04/24,111,4,58163,6,8,6.4,8,22.42
2014/04/24,111,4,58326,18,2,2.6,3.8,22.42
2014/04/24,111,4,58549,66,3,3.1,4.3,22.42
2014/04/24,111,4,58562,63,3,3.9,5.7,22.42
2014/04/24,111,4,58572,3,20,5.7,5.7,22.42
2014/04/24,111,4,58575,8,2,2.6,3.8,22.42
2014/04/24,111,4,58592,62,3,1.5,1.5,22.42
2014/04/24,111,4,58599,4,13,5.9,5.9,22.42
2014/04/24,111,4,58612,60,6,4.6,5.8,22.42
2014/04/24,111,4,59002,45,5,5,5.6,22.42
2014/04/24,111,4,59048,10,1,1,1.7,22.42
2014/04/24,111,4,59994,21,2,1.5,1.7,22.42
2014/04/24,111,4,59999,35,2,2.3,3.1,22.42
2014/04/24,111,4,62945,34,5,4.1,5.3,22.42
2014/04/24,111,4,64605,59,20,6,6,22.42
2014/04/24,111,4,66960,65,6,3.8,4.5,22.42
2014/04/24,111,4,71608,56,14,11.3,18.7,22.42
2014/04/24,111,4,72975,13,1,1.3,1.9,22.42
2014/04/24,111,4,73061,49,3,2.3,3.7,22.42
2014/04/24,111,4,73105,17,4,2.8,3.4,22.42
2014/04/24,111,4,73198,2,5,4.8,5.8,22.42
2014/04/24,111,4,92245,5,7,4.6,5.3,22.42
2014/04/24,111,4,93023,22,4,5.4,7.8,22.42
2014/04/24,111,4,93038,37,2,2.6,3.8,22.42
2014/04/24,111,4,93040,36,3,2.3,2.9,22.42
2014/04/24,111,4,93042,16,7,5.5,6.6,22.42
2014/04/24,111,4,96084,39,2,1.3,1.5,22.42
2014/04/24,111,4,969981,27,2,1,1,22.42
2014/04/24,111,4,971605,50,2,2.6,3.8,22.42
2014/04/24,111,4,972274,67,3,2.3,2.9,22.42
2014/04/24,111,4,972393,58,15,11.3,12.8,22.42
2014/04/24,112,4,10457,39,5,5.1,6.8,12.92
2014/04/24,112,4,10950,60,3,2,2.3,12.92
2014/04/24,112,4,10990,69,20,11.3,13.3,12.92
2014/04/24,112,4,11671,20,1,1,0.4,12.92
2014/04/24,112,4,11965,24,4,3.1,3.9,12.92
2014/04/24,112,4,11984,31,6,4.6,5.8,12.92
2014/04/24,112,4,12288,27,5,3.8,4.6,12.92
2014/04/24,112,4,12350,13,4,2.8,3.4,12.92
2014/04/24,112,4,14165,21,3,2.8,3.6,12.92
2014/04/24,112,4,14401,59,10,6.1,6.9,12.92
2014/04/24,112,4,15395,43,12,9.7,12.1,12.92
2014/04/24,112,4,17245,54,49,48.8,55.5,12.92
2014/04/24,112,4,17723,68,13,10.6,13.4,12.92
2014/04/24,112,4,17933,16,4,2.5,3.2,12.92
2014/04/24,112,4,17958,29,4,4.3,4.8,12.92
2014/04/24,112,4,18096,64,10,6.5,8.5,12.92
2014/04/24,112,4,18632,33,25,22.5,21.9,12.92
2014/04/24,112,4,18867,11,7,4,4,12.92
2014/04/24,112,4,18884,18,5,5,5.9,12.92
2014/04/24,112,4,19261,50,2,1,1,12.92
2014/04/24,112,4,20157,35,7,4.2,4.1,12.92
2014/04/24,112,4,20212,19,8,4.9,6.1,12.92
2014/04/24,112,4,20292,30,5,5,5.5,12.92
2014/04/24,112,4,20370,65,1,1,1.7,12.92
2014/04/24,112,4,20972,57,4,3.3,4.6,12.92
2014/04/24,112,4,21731,15,8,9.4,13.2,12.92
2014/04/24,112,4,22947,61,3,3.3,4.3,12.92
2014/04/24,112,4,23580,17,9,7.1,8.7,12.92
2014/04/24,112,4,24230,28,3,2,2.2,12.92
2014/04/24,112,4,24524,42,4,2,2,12.92
2014/04/24,112,4,24873,4,1,1,0.6,12.92
2014/04/24,112,4,25154,46,2,1,1,12.92
2014/04/24,112,4,2838,2,2,2.6,3.8,12.92
2014/04/24,112,4,3014,25,7,5.3,7.1,12.92
2014/04/24,112,4,302796,9,3,1.5,1.5,12.92
2014/04/24,112,4,302817,6,6,3,3,12.92
2014/04/24,112,4,302823,5,3,3,2.9,12.92
2014/04/24,112,4,303451,12,2,2,2.6,12.92
2014/04/24,112,4,303469,14,1,1.3,1.9,12.92
2014/04/24,112,4,303546,10,2,2,1.7,12.92
2014/04/24,112,4,303990,23,18,13.9,18.1,12.92
2014/04/24,112,4,304042,63,2,2.6,3.8,12.92
2014/04/24,112,4,312405,62,9,6,7.2,12.92
2014/04/24,112,4,312417,38,10,5.8,6.4,12.92
2014/04/24,112,4,312419,55,3,2.3,2.9,12.92
2014/04/24,112,4,312421,53,7,4.8,6.8,12.92
2014/04/24,112,4,312422,44,6,4.8,5.6,12.92
2014/04/24,112,4,312426,48,4,2,2,12.92
2014/04/24,112,4,312460,47,5,2.5,2.5,12.92
2014/04/24,112,4,312505,58,4,2.8,3.4,12.92
2014/04/24,112,4,313682,1,10,6.4,7.6,12.92
2014/04/24,112,4,313901,34,3,1.5,1.5,12.92
2014/04/24,112,4,341088,37,1,1.3,1.9,12.92
2014/04/24,112,4,4152,41,4,3.6,4.8,12.92
2014/04/24,112,4,4510,52,3,2.5,3,12.92
2014/04/24,112,4,607,32,2,2.7,3.9,12.92
2014/04/24,112,4,6114,8,3,3.1,4.3,12.92
2014/04/24,112,4,6665,36,4,4.4,6.2,12.92
2014/04/24,112,4,68309,3,5,2.5,2.5,12.92
2014/04/24,112,4,69686,26,5,4.4,6,12.92
2014/04/24,112,4,8790,66,10,10,10.1,12.92
2014/04/24,112,4,8855,56,12,8.8,11,12.92
2014/04/24,112,4,9298,7,9,3.7,3.7,12.92
2014/04/24,112,4,9542,40,3,2.8,3.7,12.92
2014/04/24,112,4,971648,67,5,2.5,2.5,12.92
2014/04/24,112,4,9720,22,25,21,27.1,12.92
2014/04/24,112,4,9998676,51,19,14.4,16.3,12.92
2014/04/24,112,4,9998723,49,5,5,2,12.92
2014/04/24,112,4,9999921,45,5,5,2,12.92
2014/04/24,113,4,10332,53,7,3.9,4.7,27.72
2014/04/24,113,4,10529,38,2,1.8,2.4,27.72
2014/04/24,113,4,12467,30,4,2.3,2.4,27.72
2014/04/24,113,4,13427,52,1,1.3,1.9,27.72
2014/04/24,113,4,13432,54,2,2,8.5,27.72
2014/04/24,113,4,13609,12,6,2.2,2.2,27.72
2014/04/24,113,4,13987,46,7,4.5,5.3,27.72
2014/04/24,113,4,14654,27,1,1.3,1.9,27.72
2014/04/24,113,4,14905,10,4,4.6,6.7,27.72
2014/04/24,113,4,15200,56,8,5.9,5.8,27.72
2014/04/24,113,4,15237,45,4,3.6,4.8,27.72
2014/04/24,113,4,15398,18,3,1.9,2.5,27.72
2014/04/24,113,4,16219,2,2,2.7,3.9,27.72
2014/04/24,113,4,17041,58,11,9.8,13.1,27.72
2014/04/24,113,4,17176,28,3,2.1,2.7,27.72
2014/04/24,113,4,18067,15,8,4,4,27.72
2014/04/24,113,4,19044,9,3,2.1,2.7,27.72
2014/04/24,113,4,19231,13,8,7,10.4,27.72
2014/04/24,113,4,19494,64,1,1,1.7,27.72
2014/04/24,113,4,19549,17,10,5,5,27.72
2014/04/24,113,4,19856,23,4,1.1,1.1,27.72
2014/04/24,113,4,20008,3,2,2.6,3.8,27.72
2014/04/24,113,4,20365,50,10,5,5,27.72
2014/04/24,113,4,21965,35,13,6.9,8.3,27.72
2014/04/24,113,4,22528,43,14,7,7.7,27.72
2014/04/24,113,4,22932,39,7,5.1,6.3,27.72
2014/04/24,113,4,23940,16,32,28,34.3,27.72
2014/04/24,113,4,24544,42,13,6.5,6.5,27.72
2014/04/24,113,4,24717,24,11,7,6.9,27.72
2014/04/24,113,4,24754,37,5,2.5,2.5,27.72
2014/04/24,113,4,24766,6,1,1.3,1.9,27.72
2014/04/24,113,4,300538,7,4,3.5,4.3,27.72
2014/04/24,113,4,300546,34,22,7.5,8.3,27.72
2014/04/24,113,4,300595,44,2,1,1,27.72
2014/04/24,113,4,301691,11,2,2.6,3.8,27.72
2014/04/24,113,4,312647,40,2,2.6,3.8,27.72
2014/04/24,113,4,313984,41,4,1,1,27.72
2014/04/24,113,4,315079,5,6,7,10,27.72
2014/04/24,113,4,341609,4,6,4.5,6.5,27.72
2014/04/24,113,4,40666,22,7,7.2,10.3,27.72
2014/04/24,113,4,40669,59,5,2.5,2.5,27.72
2014/04/24,113,4,40684,25,8,4.5,5,27.72
2014/04/24,113,4,41677,57,12,6,6,27.72
2014/04/24,113,4,4461,47,9,6.3,7.6,27.72
2014/04/24,113,4,4472,51,2,2.6,3.8,27.72
2014/04/24,113,4,5113,29,5,3.3,3.9,27.72
2014/04/24,113,4,5318,61,16,9.5,10.2,27.72
2014/04/24,113,4,5369,66,21,6.7,7,27.72
2014/04/24,113,4,6309,26,2,2,2.6,27.72
2014/04/24,113,4,6548,36,4,3.6,4.8,27.72
2014/04/24,113,4,6658,48,5,3.7,5,27.72
2014/04/24,113,4,6734,1,4,3,3.3,27.72
2014/04/24,113,4,7127,33,33,28.4,34.9,27.72
2014/04/24,113,4,7275,49,7,5.2,6.5,27.72
2014/04/24,113,4,8001,60,2,1,1,27.72
2014/04/24,113,4,9243,55,8,4.9,11.4,27.72
2014/04/24,113,4,9482,19,3,1.9,2.5,27.72
2014/04/24,113,4,9489,63,6,5.9,8.4,27.72
2014/04/24,113,4,9498,62,3,2.3,3,27.72
2014/04/24,113,4,9505,32,4,2.5,2.8,27.72
2014/04/24,113,4,9510,14,3,1.3,1.3,27.72
2014/04/24,113,4,9519,21,7,4.4,5.5,27.72
2014/04/24,113,4,9520,20,8,5.8,7.4,27.72
2014/04/24,113,4,9998201,65,8,6.4,8.2,27.72
2014/04/24,113,4,9998762,67,5,2.5,2.5,27.72
2014/04/24,113,4,9998864,8,8,4.5,5.4,27.72
2014/04/24,113,4,9999192,31,3,2.3,2.9,27.72
2014/04/24,114,4,11041,11,4,2.8,3.4,20.08
2014/04/24,114,4,14387,26,3,3.1,4.4,20.08
2014/04/24,114,4,14527,10,1,1.3,1.9,20.08
2014/04/24,114,4,14597,51,6,4.5,4.4,20.08
2014/04/24,114,4,15571,64,16,8.5,10,20.08
2014/04/24,114,4,16863,23,1,1.3,1.9,20.08
2014/04/24,114,4,17023,32,80,40,40,20.08
2014/04/24,114,4,19338,40,3,1.5,1.5,20.08
2014/04/24,114,4,19490,2,2,1,1.2,20.08
2014/04/24,114,4,19496,58,5,5,5.5,20.08
2014/04/24,114,4,19748,54,5,5,5.5,20.08
2014/04/24,114,4,19762,13,5,4.1,5.5,20.08
2014/04/24,114,4,20164,31,3,3.9,5.7,20.08
2014/04/24,114,4,20177,63,2,1.8,2.4,20.08
2014/04/24,114,4,21538,18,6,4.1,4,20.08
2014/04/24,114,4,22684,1,3,1.1,1.1,20.08
2014/04/24,114,4,22687,24,1,1.3,1.9,20.08
2014/04/24,114,4,23007,29,2,2.7,3.9,20.08
2014/04/24,114,4,24835,21,1,1.3,1.9,20.08
2014/04/24,114,4,25014,9,4,3.6,4.8,20.08
2014/04/24,114,4,25029,25,3,2.3,2.9,20.08
2014/04/24,114,4,300014,3,2,2.6,3.8,20.08
2014/04/24,114,4,304162,30,5,4.6,6.4,20.08
2014/04/24,114,4,304163,17,2,2.3,3.2,20.08
2014/04/24,114,4,304167,22,11,5.5,5.8,20.08
2014/04/24,114,4,304175,28,3,3.1,4.3,20.08
2014/04/24,114,4,304179,66,4,2,2,20.08
2014/04/24,114,4,304181,19,2,2.6,3.8,20.08
2014/04/24,114,4,304201,27,2,2.6,3.8,20.08
2014/04/24,114,4,304398,15,2,2.6,3.8,20.08
2014/04/24,114,4,304428,14,4,4.9,6.9,20.08
2014/04/24,114,4,304455,8,1,1.3,1.9,20.08
2014/04/24,114,4,305945,65,4,1.2,1.2,20.08
2014/04/24,114,4,308348,20,3,3.7,5.6,20.08
2014/04/24,114,4,343282,62,20,6,6,20.08
2014/04/24,114,4,533144,46,4,4,4.8,20.08
2014/04/24,114,4,534145,7,1,1.3,1.9,20.08
2014/04/24,114,4,534410,41,5,2.1,2.1,20.08
2014/04/24,114,4,53765,50,13,7,7.2,20.08
2014/04/24,114,4,5589,61,2,2,2.4,20.08
2014/04/24,114,4,57727,37,5,4.1,5.3,20.08
2014/04/24,114,4,62282,60,5,2.3,2.5,20.08
2014/04/24,114,4,62283,59,2,2.6,3.8,20.08
2014/04/24,114,4,62285,57,2,2.6,3.8,20.08
2014/04/24,114,4,62288,48,5,5,5.6,20.08
2014/04/24,114,4,62294,56,4,5.4,7.8,20.08
2014/04/24,114,4,62297,55,11,4.7,5.3,20.08
2014/04/24,114,4,62305,34,5,4.6,6.1,20.08
2014/04/24,114,4,62307,49,3,1,1.1,20.08
2014/04/24,114,4,62315,35,5,2.3,2.6,20.08
2014/04/24,114,4,62325,52,9,4,4.4,20.08
2014/04/24,114,4,62334,47,15,5.8,5.8,20.08
2014/04/24,114,4,62336,44,10,6.5,7.8,20.08
2014/04/24,114,4,62338,42,5,2.5,2.5,20.08
2014/04/24,114,4,62358,38,5,2.5,2.5,20.08
2014/04/24,114,4,62360,39,9,3,1.6,20.08
2014/04/24,114,4,62364,5,7,4.6,5.5,20.08
2014/04/24,114,4,62366,6,5,4,4.7,20.08
2014/04/24,114,4,62374,45,19,14.5,17.3,20.08
2014/04/24,114,4,62380,53,17,10.5,11.5,20.08
2014/04/24,114,4,7459,4,6,2.2,2.2,20.08
2014/04/24,114,4,77082,33,25,25,31.3,20.08
2014/04/24,114,4,93990,36,2,1,1,20.08
2014/04/24,114,4,93992,43,3,1.5,1.5,20.08
2014/04/24,114,4,9990573,12,2,1,1,20.08
2014/04/24,114,4,9991110,16,1,1.3,1.9,20.08
2014/04/24,116,4,10526,67,2,2.3,3.1,20.44
2014/04/24,116,4,10840,58,20,8.2,8.2,20.44
2014/04/24,116,4,10946,35,9,7.8,9.5,20.44
2014/04/24,116,4,13695,47,3,2.8,3.4,20.44
2014/04/24,116,4,14706,42,1,1,1.2,20.44
2014/04/24,116,4,15826,4,2,2.6,3.8,20.44
2014/04/24,116,4,16330,55,3,2.3,3,20.44
2014/04/24,116,4,17719,45,4,3.6,4.8,20.44
2014/04/24,116,4,19283,8,5,3.6,4.3,20.44
2014/04/24,116,4,19928,51,5,2.5,2.5,20.44
2014/04/24,116,4,20020,15,5,2.5,2.5,20.44
2014/04/24,116,4,20025,62,2,2.6,3.8,20.44
2014/04/24,116,4,20173,33,1,1.3,1.9,20.44
2014/04/24,116,4,21812,46,10,7.5,12.5,20.44
2014/04/24,116,4,21958,20,2,1,1,20.44
2014/04/24,116,4,22310,59,9,7.5,9.9,20.44
2014/04/24,116,4,22822,11,2,2,2.6,20.44
2014/04/24,116,4,23931,2,8,3.8,3.7,20.44
2014/04/24,116,4,24629,64,2,1,1,20.44
2014/04/24,116,4,24642,19,5,2.5,2.5,20.44
2014/04/24,116,4,24765,32,2,1,1,20.44
2014/04/24,116,4,24767,23,5,3.5,4.1,20.44
2014/04/24,116,4,24856,34,3,2,2.3,20.44
2014/04/24,116,4,24924,18,7,4.5,5.1,20.44
2014/04/24,116,4,24952,14,4,2.1,2.4,20.44
2014/04/24,116,4,24969,41,16,7.2,7.2,20.44
2014/04/24,116,4,24992,57,4,2.8,3.4,20.44
2014/04/24,116,4,24993,56,6,3.8,4.4,20.44
2014/04/24,116,4,300540,36,1,1.3,1.9,20.44
2014/04/24,116,4,300579,50,7,6.1,7.4,20.44
2014/04/24,116,4,300722,1,25,11.2,12.7,20.44
2014/04/24,116,4,300724,65,5,3.3,3.9,20.44
2014/04/24,116,4,300729,3,9,5.9,7.1,20.44
2014/04/24,116,4,300732,16,3,2.3,2.9,20.44
2014/04/24,116,4,300736,6,3,3,2.9,20.44
2014/04/24,116,4,300741,61,2,1.8,2.4,20.44
2014/04/24,116,4,300756,12,3,3.2,4.4,20.44
2014/04/24,116,4,300761,66,5,3.8,4.7,20.44
2014/04/24,116,4,300768,21,5,6,8.7,20.44
2014/04/24,116,4,300780,22,3,3.2,4.4,20.44
2014/04/24,116,4,300809,26,5,4.4,5.8,20.44
2014/04/24,116,4,300810,27,5,5,5.6,20.44
2014/04/24,116,4,313961,31,1,1.3,1.9,20.44
2014/04/24,116,4,340906,9,5,2.1,2.1,20.44
2014/04/24,116,4,341610,24,2,2.3,3.1,20.44
2014/04/24,116,4,341615,37,5,4.7,6.2,20.44
2014/04/24,116,4,343149,63,2,2.6,3.8,20.44
2014/04/24,116,4,3883,44,3,3,2.9,20.44
2014/04/24,116,4,4135,40,13,8.1,9.4,20.44
2014/04/24,116,4,4192,10,6,2.4,2.4,20.44
2014/04/24,116,4,4451,30,6,4.9,6.7,20.44
2014/04/24,116,4,4509,48,3,3.1,4.4,20.44
2014/04/24,116,4,534213,29,1,1,1.3,20.44
2014/04/24,116,4,534228,53,2,2.6,3.8,20.44
2014/04/24,116,4,534415,43,1,1.3,1.9,20.44
2014/04/24,116,4,534427,49,2,2.6,3.8,20.44
2014/04/24,116,4,6193,52,3,4,5.8,20.44
2014/04/24,116,4,7148,5,2,1.8,2.4,20.44
2014/04/24,116,4,9990535,60,2,2.6,3.8,20.44
2014/04/24,116,4,9991626,28,1,1.3,1.9,20.44
2014/04/24,116,4,9998718,38,1,1,1.3,20.44
2014/04/24,116,4,9998763,54,19,15.7,19.9,20.44
2014/04/24,116,4,9999036,25,11,6.9,7.8,20.44
2014/04/24,116,4,9999037,13,4,3,3.6,20.44
2014/04/24,116,4,9999446,17,1,1.3,1.9,20.44
2014/04/24,116,4,9999567,68,2,2.3,3.6,20.44
2014/04/24,116,4,9999662,39,6,3.3,4.1,20.44
2014/04/24,116,4,9999774,7,6,3.3,3.6,20.44
2014/04/24,117,4,14379,48,55,55,60.9,25.12
2014/04/24,117,4,14934,49,3,4,5.8,25.12
2014/04/24,117,4,15307,4,3,2.3,3.1,25.12
2014/04/24,117,4,17707,18,10,5,5,25.12
2014/04/24,117,4,1903,6,6,5.6,6.3,25.12
2014/04/24,117,4,19180,60,1,1.3,1.9,25.12
2014/04/24,117,4,19181,22,5,1.9,1.9,25.12
2014/04/24,117,4,19990,54,6,5,7.7,25.12
2014/04/24,117,4,20876,59,8,5.5,5.4,25.12
2014/04/24,117,4,21682,39,8,5,5.9,25.12
2014/04/24,117,4,21687,26,10,6,7.2,25.12
2014/04/24,117,4,21913,38,3,3,2.9,25.12
2014/04/24,117,4,22189,21,4,3.5,4.3,25.12
2014/04/24,117,4,22764,51,3,2.1,2.7,25.12
2014/04/24,117,4,23450,50,8,5,5.5,25.12
2014/04/24,117,4,24419,64,3,3,3.6,25.12
2014/04/24,117,4,2476,31,16,16,18.4,25.12
2014/04/24,117,4,24933,58,3,2,2.4,25.12
2014/04/24,117,4,25022,20,4,2,2,25.12
2014/04/24,117,4,2603,10,7,4.3,5.5,25.12
2014/04/24,117,4,2695,12,4,3.7,4.9,25.12
2014/04/24,117,4,2698,62,50,50,51.4,25.12
2014/04/24,117,4,3216,25,4,2.8,3.4,25.12
2014/04/24,117,4,40,14,4,3.6,4.8,25.12
2014/04/24,117,4,401914,53,1,1,1.2,25.12
2014/04/24,117,4,433,47,8,4.5,5.2,25.12
2014/04/24,117,4,453,34,2,2,2.9,25.12
2014/04/24,117,4,50665,37,4,2.4,3,25.12
2014/04/24,117,4,53110,3,4,2,2.4,25.12
2014/04/24,117,4,63428,1,1,1,1.7,25.12
2014/04/24,117,4,63438,9,12,8.3,9.5,25.12
2014/04/24,117,4,63479,13,5,4.2,5.4,25.12
2014/04/24,117,4,63491,65,2,2.6,3.8,25.12
2014/04/24,117,4,64728,35,1,1,1.7,25.12
2014/04/24,117,4,64733,63,3,2,2.3,25.12
2014/04/24,117,4,64743,44,24,8.1,8.3,25.12
2014/04/24,117,4,64744,45,10,5,5.6,25.12
2014/04/24,117,4,64754,52,1,1,1.7,25.12
2014/04/24,117,4,64817,41,3,2.3,2.9,25.12
2014/04/24,117,4,66038,7,2,2.6,3.8,25.12
2014/04/24,117,4,66843,42,3,2,2.3,25.12
2014/04/24,117,4,66863,19,2,2.6,3.8,25.12
2014/04/24,117,4,68557,32,3,3.1,4.4,25.12
2014/04/24,117,4,69389,57,7,4.8,5.6,25.12
2014/04/24,117,4,69390,24,7,4.9,6,25.12
2014/04/24,117,4,69531,28,1,1.3,1.9,25.12
2014/04/24,117,4,72843,46,8,4.9,5.8,25.12
2014/04/24,117,4,73006,11,2,2.3,3.1,25.12
2014/04/24,117,4,73224,40,3,3,2.9,25.12
2014/04/24,117,4,73652,27,3,2.3,2.9,25.12
2014/04/24,117,4,77135,8,4,4.1,5.3,25.12
2014/04/24,117,4,77924,43,8,4.7,6,25.12
2014/04/24,117,4,77930,17,3,3.1,4.4,25.12
2014/04/24,117,4,92500,33,3,1.9,2.5,25.12
2014/04/24,117,4,92837,56,4,2,2,25.12
2014/04/24,117,4,957266,2,2,1.8,2.4,25.12
2014/04/24,117,4,962866,30,6,3.8,4.4,25.12
2014/04/24,117,4,969898,23,1,1.3,1.9,25.12
2014/04/24,117,4,970628,5,5,4,6,25.12
2014/04/24,117,4,97063,29,3,3,2.9,25.12
2014/04/24,117,4,971340,55,3,2.5,3.1,25.12
2014/04/24,117,4,97170,16,4,2.4,2.9,25.12
2014/04/24,117,4,97190,36,5,5.4,7.5,25.12
2014/04/24,117,4,972396,15,3,1.9,2.5,25.12
2014/04/24,117,4,9847,61,6,7.5,11.2,25.12
2014/04/24,118,4,10024,22,8,6.1,8.4,25.69
2014/04/24,118,4,10681,24,2,2.6,3.8,25.69
2014/04/24,118,4,13809,14,5,5,5.6,25.69
2014/04/24,118,4,14423,3,6,2.6,2.6,25.69
2014/04/24,118,4,14721,46,1,1.3,1.9,25.69
2014/04/24,118,4,15479,59,5,2.5,2.5,25.69
2014/04/24,118,4,16291,4,4,2,2,25.69
2014/04/24,118,4,16302,35,10,8.4,11.2,25.69
2014/04/24,118,4,16304,43,11,5.5,5.5,25.69
2014/04/24,118,4,16305,27,3,3.3,10.4,25.69
2014/04/24,118,4,18319,39,7,3.6,3.8,25.69
2014/04/24,118,4,19051,37,5,3.3,3.9,25.69
2014/04/24,118,4,19429,47,7,5.3,6.1,25.69
2014/04/24,118,4,19844,50,3,1.5,1.5,25.69
2014/04/24,118,4,19857,16,6,3.8,4.4,25.69
2014/04/24,118,4,21588,41,5,3.3,4.1,25.69
2014/04/24,118,4,21813,13,2,1,1.2,25.69
2014/04/24,118,4,22643,23,3,1.5,1.5,25.69
2014/04/24,118,4,22727,30,4,3.8,5,25.69
2014/04/24,118,4,22993,7,5,3,3.3,25.69
2014/04/24,118,4,23727,58,3,3.1,4.3,25.69
2014/04/24,118,4,23802,29,2,2.6,3.8,25.69
2014/04/24,118,4,24628,61,2,1,1,25.69
2014/04/24,118,4,25109,51,4,1.2,1.2,25.69
2014/04/24,118,4,25121,1,32,12.5,12.7,25.69
2014/04/24,118,4,342377,2,2,1.8,2.4,25.69
2014/04/24,118,4,3748,52,7,3.1,3.2,25.69
2014/04/24,118,4,40594,49,6,5.3,6.7,25.69
2014/04/24,118,4,40604,57,86,46,47,25.69
2014/04/24,118,4,40611,56,2,2.6,3.8,25.69
2014/04/24,118,4,41619,40,7,4.8,6.2,25.69
2014/04/24,118,4,41636,44,16,16,25.3,25.69
2014/04/24,118,4,5806,25,11,6.4,7.4,25.69
2014/04/24,118,4,6047,20,6,5.1,6.5,25.69
2014/04/24,118,4,6263,28,8,6.4,8.2,25.69
2014/04/24,118,4,6264,55,2,2.6,3.8,25.69
2014/04/24,118,4,6503,45,6,5.4,7.2,25.69
2014/04/24,118,4,6616,9,2,2.3,3.1,25.69
2014/04/24,118,4,7310,6,3,1.5,1.5,25.69
2014/04/24,118,4,8173,26,4,3.6,4.5,25.69
2014/04/24,118,4,8432,36,11,8.7,10.7,25.69
2014/04/24,118,4,8436,10,1,1,0.4,25.69
2014/04/24,118,4,8437,17,2,2.3,3.6,25.69
2014/04/24,118,4,8438,11,3,3.6,5.5,25.69
2014/04/24,118,4,8439,12,4,2,2.4,25.69
2014/04/24,118,4,8442,19,7,4.3,4.9,25.69
2014/04/24,118,4,8447,42,2,2.3,3.6,25.69
2014/04/24,118,4,8450,33,2,1.8,2.4,25.69
2014/04/24,118,4,8451,32,12,8.1,10.5,25.69
2014/04/24,118,4,8454,31,14,8.3,10.1,25.69
2014/04/24,118,4,9218,8,2,1.8,2.4,25.69
2014/04/24,118,4,9330,48,6,5.6,7.5,25.69
2014/04/24,118,4,9336,54,3,3.1,4.3,25.69
2014/04/24,118,4,9341,60,1,1,1.7,25.69
2014/04/24,118,4,9452,53,3,3.6,5.1,25.69
2014/04/24,118,4,9453,21,7,2.9,3.1,25.69
2014/04/24,118,4,9703,34,2,1.8,2.4,25.69
2014/04/24,118,4,9995422,5,19,19,21.3,25.69
2014/04/24,118,4,9998519,15,3,3.3,4.5,25.69
2014/04/24,118,4,9998640,18,2,1.8,2.4,25.69
2014/04/24,118,4,9998670,38,6,6.6,8.7,25.69
2014/04/24,119,4,10105,70,4,5.3,7.7,20.9
2014/04/24,119,4,10514,4,4,2,2,20.9
2014/04/24,119,4,12248,6,10,5,5,20.9
2014/04/24,119,4,14710,18,5,2.5,2.5,20.9
2014/04/24,119,4,15549,42,6,2.6,2.6,20.9
2014/04/24,119,4,16129,49,11,5.3,6,20.9
2014/04/24,119,4,16477,35,17,13,15.8,20.9
2014/04/24,119,4,17130,31,1,1.3,1.9,20.9
2014/04/24,119,4,17147,30,1,1.3,1.9,20.9
2014/04/24,119,4,18535,14,4,3.8,4.6,20.9
2014/04/24,119,4,19050,8,6,4,4.9,20.9
2014/04/24,119,4,19298,38,5,2.5,2.5,20.9
2014/04/24,119,4,19542,19,2,1,1.2,20.9
2014/04/24,119,4,19867,65,5,5,4.7,20.9
2014/04/24,119,4,20156,13,4,1.2,1.2,20.9
2014/04/24,119,4,20323,17,1,1.3,1.9,20.9
2014/04/24,119,4,20936,67,2,2,1.7,20.9
2014/04/24,119,4,21062,33,1,1,1.3,20.9
2014/04/24,119,4,21364,54,2,1,1,20.9
2014/04/24,119,4,21736,25,6,3.8,4.4,20.9
2014/04/24,119,4,21853,43,1,1,1.3,20.9
2014/04/24,119,4,21989,50,2,1,1,20.9
2014/04/24,119,4,22440,58,4,3.6,4.8,20.9
2014/04/24,119,4,23184,62,8,5.2,7.5,20.9
2014/04/24,119,4,23788,52,1,1.3,1.9,20.9
2014/04/24,119,4,23911,40,1,1.3,1.9,20.9
2014/04/24,119,4,24340,66,3,2.8,3.7,20.9
2014/04/24,119,4,24429,26,6,4.4,6.4,20.9
2014/04/24,119,4,24481,57,1,1,1.3,20.9
2014/04/24,119,4,24650,3,10,5.2,5.8,20.9
2014/04/24,119,4,24821,1,7,2.7,2.7,20.9
2014/04/24,119,4,24919,72,1,1,1.1,20.9
2014/04/24,119,4,3874,28,1,1.3,1.9,20.9
2014/04/24,119,4,4236,71,6,5.5,7.3,20.9
2014/04/24,119,4,4409,46,1,1.3,1.9,20.9
2014/04/24,119,4,4493,2,5,4.3,5.5,20.9
2014/04/24,119,4,534413,24,5,1.9,1.9,20.9
2014/04/24,119,4,54438,61,4,2.5,2.9,20.9
2014/04/24,119,4,54701,12,10,10,11.7,20.9
2014/04/24,119,4,5712,47,2,1,1,20.9
2014/04/24,119,4,57236,5,6,6.1,7.8,20.9
2014/04/24,119,4,58153,56,1,1,1.3,20.9
2014/04/24,119,4,59199,59,3,2.3,2.9,20.9
2014/04/24,119,4,59203,55,5,2.3,2.4,20.9
2014/04/24,119,4,59204,53,4,1.2,1.2,20.9
2014/04/24,119,4,59206,51,1,1.3,1.9,20.9
2014/04/24,119,4,59212,68,3,2.3,2.9,20.9
2014/04/24,119,4,59249,69,5,3.8,4.6,20.9
2014/04/24,119,4,59254,63,7,5.2,6.7,20.9
2014/04/24,119,4,60574,23,20,10,10,20.9
2014/04/24,119,4,6059,37,1,1.3,1.9,20.9
2014/04/24,119,4,62228,39,2,1,1,20.9
2014/04/24,119,4,62476,29,1,1,1,20.9
2014/04/24,119,4,62479,32,3,2.3,2.9,20.9
2014/04/24,119,4,62492,44,2,2.6,3.8,20.9
2014/04/24,119,4,62493,45,5,2.5,2.5,20.9
2014/04/24,119,4,62502,16,3,2,2.2,20.9
2014/04/24,119,4,62508,20,5,4.1,5.3,20.9
2014/04/24,119,4,62518,48,1,1.3,1.9,20.9
2014/04/24,119,4,62521,41,5,2.5,2.5,20.9
2014/04/24,119,4,62534,10,3,3.6,4.8,20.9
2014/04/24,119,4,62539,15,2,2.7,3.9,20.9
2014/04/24,119,4,62554,27,2,2.3,3.6,20.9
2014/04/24,119,4,64712,11,12,9.4,10.7,20.9
2014/04/24,119,4,6633,36,35,18,23,20.9
2014/04/24,119,4,6717,34,6,3,3.6,20.9
2014/04/24,119,4,73381,21,1,1.3,1.9,20.9
2014/04/24,119,4,75324,64,5,5.4,7.5,20.9
2014/04/24,119,4,78075,7,11,4.7,4.9,20.9
2014/04/24,119,4,9041,60,6,2.2,2.2,20.9
2014/04/24,119,4,9992536,9,3,2.8,3.7,20.9
2014/04/24,119,4,9999636,22,1,1,1.7,20.9
2014/04/24,120,4,10560,30,4,2.3,2.5,15.3
2014/04/24,120,4,11805,28,3,2.5,2.4,15.3
2014/04/24,120,4,12280,31,2,1.8,2.5,15.3
2014/04/24,120,4,12282,4,3,3,2.9,15.3
2014/04/24,120,4,13790,10,8,3.2,3.3,15.3
2014/04/24,120,4,13846,52,6,3,3,15.3
2014/04/24,120,4,14498,68,3,3,3.8,15.3
2014/04/24,120,4,14810,44,3,1.1,1.1,15.3
2014/04/24,120,4,15599,18,5,2.5,2.5,15.3
2014/04/24,120,4,15765,53,5,2.5,2.6,15.3
2014/04/24,120,4,15957,38,3,1.5,1.6,15.3
2014/04/24,120,4,16026,6,4,2.5,2.8,15.3
2014/04/24,120,4,17278,50,2,1.8,2.4,15.3
2014/04/24,120,4,19489,37,2,2.3,3.2,15.3
2014/04/24,120,4,19605,8,4,3.3,4.6,15.3
2014/04/24,120,4,21559,62,4,3.3,4.4,15.3
2014/04/24,120,4,22156,42,8,5.5,5.9,15.3
2014/04/24,120,4,22424,40,12,8.8,9.5,15.3
2014/04/24,120,4,22570,26,2,1.8,2.4,15.3
2014/04/24,120,4,22578,27,5,5,5.6,15.3
2014/04/24,120,4,22796,20,4,2,2.2,15.3
2014/04/24,120,4,22969,47,4,2,2,15.3
2014/04/24,120,4,23061,24,5,3.8,4,15.3
2014/04/24,120,4,23284,39,1,1,1.3,15.3
2014/04/24,120,4,23726,41,3,1.5,1.5,15.3
2014/04/24,120,4,23908,11,4,3.5,4,15.3
2014/04/24,120,4,24265,64,6,3,3,15.3
2014/04/24,120,4,24616,56,1,1,4.2,15.3
2014/04/24,120,4,300158,2,5,4.2,5.7,15.3
2014/04/24,120,4,300183,57,5,4,4.8,15.3
2014/04/24,120,4,303741,67,7,3.9,4.5,15.3
2014/04/24,120,4,304165,25,1,1.3,1.9,15.3
2014/04/24,120,4,304174,23,1,1,1.3,15.3
2014/04/24,120,4,304182,29,4,2.5,2.7,15.3
2014/04/24,120,4,304186,14,11,6.9,9.1,15.3
2014/04/24,120,4,304366,55,1,1.3,1.9,15.3
2014/04/24,120,4,304374,66,6,2.2,2.2,15.3
2014/04/24,120,4,304386,34,12,7,8,15.3
2014/04/24,120,4,304395,33,1,1.3,1.9,15.3
2014/04/24,120,4,304407,3,1,1.3,1.9,15.3
2014/04/24,120,4,304425,32,2,2.3,6.1,15.3
2014/04/24,120,4,304431,49,3,1.9,2.5,15.3
2014/04/24,120,4,304462,7,3,1.5,1.5,15.3
2014/04/24,120,4,304467,60,2,1,1.2,15.3
2014/04/24,120,4,304482,58,7,6.1,8.1,15.3
2014/04/24,120,4,312839,17,9,7,6.7,15.3
2014/04/24,120,4,312840,16,5,2.5,2.5,15.3
2014/04/24,120,4,312899,36,7,6,7.6,15.3
2014/04/24,120,4,312903,35,3,2,2.3,15.3
2014/04/24,120,4,341315,13,3,1.5,1.5,15.3
2014/04/24,120,4,343048,46,3,1.5,1.5,15.3
2014/04/24,120,4,3633,48,5,5,5.5,15.3
2014/04/24,120,4,3837,19,12,7.3,8.1,15.3
2014/04/24,120,4,534309,51,4,2.8,3.4,15.3
2014/04/24,120,4,6070,21,2,1.6,2.4,15.3
2014/04/24,120,4,6380,45,3,3.3,7.8,15.3
2014/04/24,120,4,6838,63,4,1.2,1.2,15.3
2014/04/24,120,4,7133,54,1,1.3,1.9,15.3
2014/04/24,120,4,7409,61,6,2.4,2.5,15.3
2014/04/24,120,4,9854,22,5,2.3,2.4,15.3
2014/04/24,120,4,9870,1,5,2.3,2.6,15.3
2014/04/24,120,4,9990810,15,13,13.4,19.2,15.3
2014/04/24,120,4,9998222,43,3,1.5,1.5,15.3
2014/04/24,120,4,9998228,65,4,4.9,7,15.3
2014/04/24,120,4,9998234,59,2,1.8,2.5,15.3
2014/04/24,120,4,9999538,9,3,2.6,3.4,15.3
2014/04/24,120,4,9999539,5,2,2.7,3.9,15.3
2014/04/24,120,4,9999970,12,7,3.8,3.8,15.3
2014/04/24,121,4,1024,10,4,2,2,16.44
2014/04/24,121,4,12237,26,2,2,2.4,16.44
2014/04/24,121,4,14763,62,5,5,4.7,16.44
2014/04/24,121,4,14772,45,10,5,5,16.44
2014/04/24,121,4,15089,1,3,1.6,1.8,16.44
2014/04/24,121,4,16691,46,3,3,2.9,16.44
2014/04/24,121,4,17038,65,16,7.8,7.7,16.44
2014/04/24,121,4,17229,4,4,2,2,16.44
2014/04/24,121,4,17490,58,5,3.1,3.7,16.44
2014/04/24,121,4,17759,7,2,1,1.2,16.44
2014/04/24,121,4,17947,49,6,4.9,6.3,16.44
2014/04/24,121,4,19696,17,3,2.3,3.1,16.44
2014/04/24,121,4,2049,20,2,2.6,3.8,16.44
2014/04/24,121,4,20867,34,2,1,1,16.44
2014/04/24,121,4,21078,63,5,4.8,5.3,16.44
2014/04/24,121,4,21202,28,1,1.3,1.9,16.44
2014/04/24,121,4,2132,54,3,3,2.9,16.44
2014/04/24,121,4,21463,67,12,5.6,6.5,16.44
2014/04/24,121,4,21551,40,10,6.3,7.3,16.44
2014/04/24,121,4,21758,13,9,6.3,7.5,16.44
2014/04/24,121,4,21879,30,2,1.5,1.8,16.44
2014/04/24,121,4,22009,47,3,3,2.9,16.44
2014/04/24,121,4,22590,51,5,2.5,3.1,16.44
2014/04/24,121,4,22907,64,3,3,3.5,16.44
2014/04/24,121,4,23892,2,5,4.1,5.3,16.44
2014/04/24,121,4,24482,55,2,2,0.8,16.44
2014/04/24,121,4,24585,29,6,2.6,2.6,16.44
2014/04/24,121,4,24698,27,10,5.1,5.4,16.44
2014/04/24,121,4,24860,21,6,2.7,2.7,16.44
2014/04/24,121,4,24918,15,11,4.2,4.5,16.44
2014/04/24,121,4,2932,57,15,7.9,8.5,16.44
2014/04/24,121,4,301032,69,1,1.3,1.9,16.44
2014/04/24,121,4,303982,71,3,3.1,4.3,16.44
2014/04/24,121,4,303983,70,3,2.3,2.9,16.44
2014/04/24,121,4,304841,23,13,10,12.2,16.44
2014/04/24,121,4,306070,41,6,3,3,16.44
2014/04/24,121,4,306082,5,4,3.9,5.3,16.44
2014/04/24,121,4,309774,14,3,1.5,1.5,16.44
2014/04/24,121,4,312134,39,5,2.5,2.5,16.44
2014/04/24,121,4,312173,11,4,4.1,5.3,16.44
2014/04/24,121,4,312176,24,3,2,2.3,16.44
2014/04/24,121,4,312769,38,8,4,4,16.44
2014/04/24,121,4,313505,22,6,3,3,16.44
2014/04/24,121,4,313669,59,2,1,1,16.44
2014/04/24,121,4,313700,60,5,2.5,2.5,16.44
2014/04/24,121,4,313701,66,3,2.3,3,16.44
2014/04/24,121,4,314475,52,2,1,1.1,16.44
2014/04/24,121,4,314478,48,7,4.3,5,16.44
2014/04/24,121,4,314482,44,3,1.5,1.5,16.44
2014/04/24,121,4,315141,32,1,1.3,1.9,16.44
2014/04/24,121,4,338,9,5,5.1,6.7,16.44
2014/04/24,121,4,340280,43,6,6,5.8,16.44
2014/04/24,121,4,340286,53,3,2.3,3.1,16.44
2014/04/24,121,4,340293,31,2,2.7,3.9,16.44
2014/04/24,121,4,340300,42,7,5.3,5.8,16.44
2014/04/24,121,4,340694,18,7,4.3,4.9,16.44
2014/04/24,121,4,343606,19,2,1.8,2.4,16.44
2014/04/24,121,4,688,16,4,4.9,9.9,16.44
2014/04/24,121,4,69006,68,3,1.1,1.1,16.44
2014/04/24,121,4,69693,12,4,3.6,4.8,16.44
2014/04/24,121,4,69733,36,1,1,1.2,16.44
2014/04/24,121,4,957851,25,3,1.3,1.3,16.44
2014/04/24,121,4,957878,50,10,5,5,16.44
2014/04/24,121,4,965425,35,4,4,4.6,16.44
2014/04/24,121,4,968665,8,2,2.6,3.8,16.44
2014/04/24,121,4,969445,37,3,3,3.5,16.44
2014/04/24,121,4,969856,6,6,5.1,6.6,16.44
2014/04/24,121,4,969998,3,3,3.1,4.3,16.44
2014/04/24,121,4,970634,33,5,2.5,2.5,16.44
2014/04/24,121,4,972502,56,4,3.1,3.9,16.44
2014/04/24,121,4,972553,61,11,8.1,11,16.44
2014/04/24,123,4,10074,36,12,7.3,9.1,13.53
2014/04/24,123,4,10121,60,4,2.8,2.8,13.53
2014/04/24,123,4,10122,33,2,1,1,13.53
2014/04/24,123,4,10123,67,4,3.6,4.8,13.53
2014/04/24,123,4,10517,17,8,6.6,8.9,13.53
2014/04/24,123,4,11016,1,5,2.5,2.5,13.53
2014/04/24,123,4,11325,24,2,1.8,2.4,13.53
2014/04/24,123,4,13690,55,4,4.3,5.7,13.53
2014/04/24,123,4,13841,32,10,5.5,5.8,13.53
2014/04/24,123,4,14164,19,3,3,12.7,13.53
2014/04/24,123,4,15376,48,1,1,1.3,13.53
2014/04/24,123,4,15688,27,6,2.2,2.2,13.53
2014/04/24,123,4,16260,11,4,4.3,6.1,13.53
2014/04/24,123,4,16459,51,9,5.3,5.9,13.53
2014/04/24,123,4,16876,46,4,4.3,6.5,13.53
2014/04/24,123,4,17615,44,6,2.2,2.4,13.53
2014/04/24,123,4,17820,63,11,6.8,8.6,13.53
2014/04/24,123,4,19374,15,4,1.2,1.2,13.53
2014/04/24,123,4,19608,5,3,1.5,1.5,13.53
2014/04/24,123,4,19901,28,5,2.5,2.5,13.53
2014/04/24,123,4,20096,13,1,1.3,1.9,13.53
2014/04/24,123,4,20129,20,1,1.3,1.9,13.53
2014/04/24,123,4,20306,43,2,2.7,3.9,13.53
2014/04/24,123,4,20475,66,9,6,6.5,13.53
2014/04/24,123,4,21412,25,4,2,2,13.53
2014/04/24,123,4,21754,3,4,2.5,2.5,13.53
2014/04/24,123,4,22356,9,1,1,1.3,13.53
2014/04/24,123,4,23595,61,3,2.6,3.4,13.53
2014/04/24,123,4,24515,21,4,3.3,4.2,13.53
2014/04/24,123,4,24734,12,8,5,5.6,13.53
2014/04/24,123,4,24791,8,11,5.9,6.7,13.53
2014/04/24,123,4,24883,50,2,2,2.6,13.53
2014/04/24,123,4,300148,29,9,7.8,9.3,13.53
2014/04/24,123,4,300149,34,14,8.6,10.4,13.53
2014/04/24,123,4,300155,4,1,1,1.2,13.53
2014/04/24,123,4,300161,59,8,5.6,6.4,13.53
2014/04/24,123,4,300162,56,3,3.6,5.1,13.53
2014/04/24,123,4,300165,57,5,5,6.5,13.53
2014/04/24,123,4,300166,49,3,3.9,5.7,13.53
2014/04/24,123,4,300192,54,3,1.5,1.5,13.53
2014/04/24,123,4,300206,58,7,4.3,4.9,13.53
2014/04/24,123,4,304053,65,11,7.4,9.3,13.53
2014/04/24,123,4,309162,22,2,2.6,3.8,13.53
2014/04/24,123,4,312656,16,4,3.1,4.4,13.53
2014/04/24,123,4,312668,38,19,13.9,17.9,13.53
2014/04/24,123,4,312675,45,3,3.1,4.3,13.53
2014/04/24,123,4,312676,41,3,3.6,5.1,13.53
2014/04/24,123,4,312683,64,1,1,1,13.53
2014/04/24,123,4,312732,26,4,3.3,4,13.53
2014/04/24,123,4,341193,62,4,3.6,4.9,13.53
2014/04/24,123,4,342780,18,2,2.3,3.6,13.53
2014/04/24,123,4,3930,53,5,2.5,2.5,13.53
2014/04/24,123,4,5782,37,9,7.1,9.6,13.53
2014/04/24,123,4,5820,30,7,5.9,6.6,13.53
2014/04/24,123,4,5967,39,3,1.5,1.5,13.53
2014/04/24,123,4,6535,35,2,1,1,13.53
2014/04/24,123,4,6556,23,4,2.5,3.2,13.53
2014/04/24,123,4,7056,52,3,2,2.2,13.53
2014/04/24,123,4,7061,47,2,2.6,3.8,13.53
2014/04/24,123,4,8847,31,5,2.8,3,13.53
2014/04/24,123,4,8908,2,5,4.1,5.3,13.53
2014/04/24,123,4,9990563,14,5,6,14.3,13.53
2014/04/24,123,4,9998243,42,5,2.5,3.1,13.53
2014/04/24,123,4,9998337,10,2,1.8,2.5,13.53
2014/04/24,123,4,9998958,7,7,4.3,4.9,13.53
2014/04/24,123,4,9999199,40,3,3.1,4.3,13.53
2014/04/24,123,4,9999328,6,5,3.5,10,13.53
2014/04/24,124,4,11380,24,4,2.5,2.7,21.52
2014/04/24,124,4,11713,48,5,4.1,5.6,21.52
2014/04/24,124,4,1202,11,3,2.3,3.1,21.52
2014/04/24,124,4,1228,12,10,3.3,3.3,21.52
2014/04/24,124,4,12366,35,6,3,3,21.52
2014/04/24,124,4,14589,34,2,1,1,21.52
2014/04/24,124,4,15349,5,3,2.3,2.9,21.52
2014/04/24,124,4,15587,21,3,1.5,1.7,21.52
2014/04/24,124,4,18063,38,1,1.3,1.9,21.52
2014/04/24,124,4,18228,51,25,8.1,8.1,21.52
2014/04/24,124,4,18591,10,5,4.3,5.8,21.52
2014/04/24,124,4,18870,37,7,6,6.6,21.52
2014/04/24,124,4,19172,56,76,38.5,41.7,21.52
2014/04/24,124,4,19407,44,4,2,2,21.52
2014/04/24,124,4,1957,33,2,1.8,2.4,21.52
2014/04/24,124,4,19846,63,2,2,1.1,21.52
2014/04/24,124,4,20457,29,4,3.3,4.1,21.52
2014/04/24,124,4,20597,8,5,2.3,2.5,21.52
2014/04/24,124,4,20628,6,5,2.5,2.5,21.52
2014/04/24,124,4,21133,50,10,4.8,4.8,21.52
2014/04/24,124,4,21586,41,4,2,2,21.52
2014/04/24,124,4,22013,39,6,3.6,4,21.52
2014/04/24,124,4,22216,36,1,1.3,1.9,21.52
2014/04/24,124,4,22962,67,3,3,2.1,21.52
2014/04/24,124,4,23278,59,4,2,2,21.52
2014/04/24,124,4,23936,14,3,3,1.7,21.52
2014/04/24,124,4,24006,61,16,16,15.1,21.52
2014/04/24,124,4,24019,43,3,2,2.2,21.52
2014/04/24,124,4,24152,64,2,1,1,21.52
2014/04/24,124,4,24211,16,1,1.3,1.9,21.52
2014/04/24,124,4,24288,46,3,3,2.9,21.52
2014/04/24,124,4,24757,4,5,2.5,2.5,21.52
2014/04/24,124,4,24905,65,2,2.3,3.1,21.52
2014/04/24,124,4,3085,71,10,5,5,21.52
2014/04/24,124,4,3148,20,6,4.8,6,21.52
2014/04/24,124,4,547,32,1,1.3,1.9,21.52
2014/04/24,124,4,55062,58,10,5.7,6.9,21.52
2014/04/24,124,4,55079,31,10,5,5,21.52
2014/04/24,124,4,55130,26,10,10,10.9,21.52
2014/04/24,124,4,58179,62,3,2.3,3.7,21.52
2014/04/24,124,4,58212,57,35,17.5,17.5,21.52
2014/04/24,124,4,58698,66,5,2.5,2.5,21.52
2014/04/24,124,4,58699,49,5,2.5,2.5,21.52
2014/04/24,124,4,58702,60,4,2,2,21.52
2014/04/24,124,4,58703,40,2,1,1,21.52
2014/04/24,124,4,58721,45,3,3.9,5.7,21.52
2014/04/24,124,4,58729,42,5,2.5,2.5,21.52
2014/04/24,124,4,58764,52,2,2,2.2,21.52
2014/04/24,124,4,58773,69,2,2.6,3.8,21.52
2014/04/24,124,4,58878,19,10,5.8,6.4,21.52
2014/04/24,124,4,58900,9,4,2,2,21.52
2014/04/24,124,4,58920,1,6,5,6.9,21.52
2014/04/24,124,4,58953,28,4,3.6,4.8,21.52
2014/04/24,124,4,58959,30,5,2.5,2.5,21.52
2014/04/24,124,4,60152,7,6,3.4,4,21.52
2014/04/24,124,4,64565,53,5,4.5,5.1,21.52
2014/04/24,124,4,68959,47,3,2.3,2.9,21.52
2014/04/24,124,4,69090,2,2,1.8,2.4,21.52
2014/04/24,124,4,75220,15,8,4,4,21.52
2014/04/24,124,4,91352,17,7,5.1,6.3,21.52
2014/04/24,124,4,91689,68,20,20,23.6,21.52
2014/04/24,124,4,92306,3,1,1.3,1.9,21.52
2014/04/24,124,4,96283,23,9,4.5,4.5,21.52
2014/04/24,124,4,964433,22,9,5.3,6.1,21.52
2014/04/24,124,4,968476,54,1,1.3,1.9,21.52
2014/04/24,124,4,970243,27,8,3.2,3.3,21.52
2014/04/24,124,4,970299,70,102,51,51,21.52
2014/04/24,124,4,971969,13,2,2.7,3.9,21.52
2014/04/24,124,4,972159,25,11,9.1,13.1,21.52
2014/04/24,124,4,972494,18,5,4.7,6.2,21.52
2014/04/24,124,4,9864,55,5,2.5,2.5,21.52
2014/04/24,125,4,10696,65,5,5,5.4,34.05
2014/04/24,125,4,14241,21,3,2.3,2.9,34.05
2014/04/24,125,4,14677,45,10,3.2,3.2,34.05
2014/04/24,125,4,14922,23,3,1.1,1.1,34.05
2014/04/24,125,4,15172,29,9,5.2,5.9,34.05
2014/04/24,125,4,16222,18,6,3,3,34.05
2014/04/24,125,4,16612,37,6,3,3,34.05
2014/04/24,125,4,16626,49,21,10.3,10.3,34.05
2014/04/24,125,4,16652,52,11,5.5,5.6,34.05
2014/04/24,125,4,16657,58,6,3.6,4.4,34.05
2014/04/24,125,4,17119,35,4,3.4,4.4,34.05
2014/04/24,125,4,17337,41,3,1.1,1.2,34.05
2014/04/24,125,4,17365,54,20,6,6,34.05
2014/04/24,125,4,17439,5,3,2.1,2.8,34.05
2014/04/24,125,4,17572,19,10,5.5,6.3,34.05
2014/04/24,125,4,18680,11,5,2.5,2.5,34.05
2014/04/24,125,4,19958,39,1,1,0.6,34.05
2014/04/24,125,4,21363,55,4,2,2,34.05
2014/04/24,125,4,21935,17,6,6,5.9,34.05
2014/04/24,125,4,23531,30,13,9.1,12.6,34.05
2014/04/24,125,4,24548,13,8,2,1,34.05
2014/04/24,125,4,24620,48,7,5,4.9,34.05
2014/04/24,125,4,24623,34,5,5,5.6,34.05
2014/04/24,125,4,25091,44,1,1.3,1.9,34.05
2014/04/24,125,4,25129,12,12,10.7,14,34.05
2014/04/24,125,4,3948,64,2,2.6,3.8,34.05
2014/04/24,125,4,40497,6,2,1.8,2.4,34.05
2014/04/24,125,4,40534,26,10,10,10.9,34.05
2014/04/24,125,4,40650,32,3,2.3,3,34.05
2014/04/24,125,4,4136,2,4,2,2.3,34.05
2014/04/24,125,4,41616,3,50,38.9,45,34.05
2014/04/24,125,4,42395,61,2,1.8,2.4,34.05
2014/04/24,125,4,4508,67,10,8.2,10.6,34.05
2014/04/24,125,4,4534,66,5,2.5,2.5,34.05
2014/04/24,125,4,4536,40,12,6.8,8.4,34.05
2014/04/24,125,4,4540,38,8,3.8,4,34.05
2014/04/24,125,4,4541,36,2,1.8,2.4,34.05
2014/04/24,125,4,4547,33,4,2.5,2.7,34.05
2014/04/24,125,4,4556,62,6,3.5,3.5,34.05
2014/04/24,125,4,4559,63,8,2.6,2.6,34.05
2014/04/24,125,4,4587,43,3,2,2,34.05
2014/04/24,125,4,5705,42,2,1.5,2.2,34.05
2014/04/24,125,4,5845,31,21,10.4,11.1,34.05
2014/04/24,125,4,6200,7,3,2,2.7,34.05
2014/04/24,125,4,6750,22,4,3.3,4.2,34.05
2014/04/24,125,4,7198,51,23,12.8,13.6,34.05
2014/04/24,125,4,7224,4,5,2.5,2.5,34.05
2014/04/24,125,4,7300,59,16,16.9,18.3,34.05
2014/04/24,125,4,8293,53,4,2.6,2.8,34.05
2014/04/24,125,4,8296,56,10,5.3,6.3,34.05
2014/04/24,125,4,8304,46,6,2.2,2.2,34.05
2014/04/24,125,4,8305,57,5,3.3,3.9,34.05
2014/04/24,125,4,8312,47,2,2.6,3.8,34.05
2014/04/24,125,4,8536,1,8,3.6,3.9,34.05
2014/04/24,125,4,8546,15,5,3.6,4.6,34.05
2014/04/24,125,4,8548,27,10,10.1,14,34.05
2014/04/24,125,4,9173,10,11,6.3,7.1,34.05
2014/04/24,125,4,9194,16,6,3.6,4.1,34.05
2014/04/24,125,4,9224,14,5,5,5.6,34.05
2014/04/24,125,4,9228,20,7,5.3,6.8,34.05
2014/04/24,125,4,9252,25,22,11.7,12.7,34.05
2014/04/24,125,4,9263,24,7,5.9,7.7,34.05
2014/04/24,125,4,9264,28,6,5.4,6.5,34.05
2014/04/24,125,4,9292,8,2,2.3,3.6,34.05
2014/04/24,125,4,9990441,60,3,1.5,1.4,34.05
2014/04/24,125,4,9998419,9,4,2.9,3.8,34.05
2014/04/24,125,4,9999817,50,4,1.8,1.9,34.05
2014/04/24,127,4,10098,39,4,2,2,13.76
2014/04/24,127,4,11488,23,2,2,0.8,13.76
2014/04/24,127,4,11538,34,4,2,2,13.76
2014/04/24,127,4,11631,40,5,4,3.9,13.76
2014/04/24,127,4,11633,41,5,5,3.7,13.76
2014/04/24,127,4,11813,17,3,3,1.8,13.76
2014/04/24,127,4,11822,13,4,2,2,13.76
2014/04/24,127,4,11836,31,8,4,4,13.76
2014/04/24,127,4,12004,12,4,2,2,13.76
2014/04/24,127,4,15497,24,12,8,11.7,13.76
2014/04/24,127,4,15800,35,4,2,2,13.76
2014/04/24,127,4,17773,21,6,3,3,13.76
2014/04/24,127,4,17786,10,39,33.5,40.7,13.76
2014/04/24,127,4,17790,15,28,14,14,13.76
2014/04/24,127,4,17798,33,18,9,9,13.76
2014/04/24,127,4,17834,26,3,3,3.5,13.76
2014/04/24,127,4,18006,29,7,3.4,6.6,13.76
2014/04/24,127,4,18868,30,30,15,15,13.76
2014/04/24,127,4,18869,20,7,3.1,3.1,13.76
2014/04/24,127,4,19023,46,6,4.5,4.6,13.76
2014/04/24,127,4,19254,28,4,2,2,13.76
2014/04/24,127,4,19255,27,5,3,2.6,13.76
2014/04/24,127,4,19350,25,10,5,5,13.76
2014/04/24,127,4,19631,7,30,15,15,13.76
2014/04/24,127,4,19937,42,16,8,8,13.76
2014/04/24,127,4,19980,6,27,15,15.6,13.76
2014/04/24,127,4,20518,11,18,9.8,13.7,13.76
2014/04/24,127,4,21197,45,7,5.9,7.7,13.76
2014/04/24,127,4,22699,43,5,2.5,2.5,13.76
2014/04/24,127,4,23925,9,28,19,20.8,13.76
2014/04/24,127,4,24493,19,7,7,4.1,13.76
2014/04/24,127,4,24834,47,2,1,1,13.76
2014/04/24,127,4,302080,4,5,5,5.5,13.76
2014/04/24,127,4,302095,3,4,2,2,13.76
2014/04/24,127,4,302368,38,5,5,2.9,13.76
2014/04/24,127,4,302414,37,5,2.5,2.5,13.76
2014/04/24,127,4,3810,32,8,4,4,13.76
2014/04/24,127,4,5904,5,11,7.8,8.9,13.76
2014/04/24,127,4,6930,16,14,6.6,6.6,13.76
2014/04/24,127,4,7468,36,4,2,2,13.76
2014/04/24,127,4,8922,1,5,2.1,2.1,13.76
2014/04/24,127,4,9990364,2,8,4.6,8.1,13.76
2014/04/24,127,4,9997405,18,20,11,10.9,13.76
2014/04/24,127,4,9997835,44,4,2,2,13.76
2014/04/24,127,4,9998394,22,5,5,4.7,13.76
2014/04/24,127,4,9998414,14,8,3.4,3.4,13.76
2014/04/24,127,4,9998488,48,16,10,20.1,13.76
2014/04/24,127,4,9999788,8,10,5,5,13.76
2014/04/24,335,4,1011,50,9,6.3,7.6,32.55
2014/04/24,335,4,1027,68,3,2.3,2.9,32.55
2014/04/24,335,4,11346,70,3,2.8,3.7,32.55
2014/04/24,335,4,11512,38,20,5.8,6,32.55
2014/04/24,335,4,11975,3,4,2.5,3,32.55
2014/04/24,335,4,13883,1,1,1,1.2,32.55
2014/04/24,335,4,13999,13,5,2.5,2.5,32.55
2014/04/24,335,4,14626,31,1,1.3,1.9,32.55
2014/04/24,335,4,15022,23,4,1.6,1.6,32.55
2014/04/24,335,4,15055,30,5,2.5,2.5,32.55
2014/04/24,335,4,15794,8,3,2.3,3.7,32.55
2014/04/24,335,4,16292,71,5,4.9,7.5,32.55
2014/04/24,335,4,16677,52,3,2,2,32.55
2014/04/24,335,4,17401,4,33,30.3,37.7,32.55
2014/04/24,335,4,17741,66,6,2.6,2.7,32.55
2014/04/24,335,4,18607,73,1,1.3,1.9,32.55
2014/04/24,335,4,18660,57,3,2.3,2.9,32.55
2014/04/24,335,4,18704,69,20,6.1,6.3,32.55
2014/04/24,335,4,18952,18,3,4,5.8,32.55
2014/04/24,335,4,19379,24,3,3.6,4.8,32.55
2014/04/24,335,4,20128,22,3,1.6,1.9,32.55
2014/04/24,335,4,20184,15,2,1,1,32.55
2014/04/24,335,4,2021,6,3,3,2.9,32.55
2014/04/24,335,4,20716,20,1,1.3,1.9,32.55
2014/04/24,335,4,21135,36,1,1.3,1.9,32.55
2014/04/24,335,4,22307,29,1,1.3,1.9,32.55
2014/04/24,335,4,22786,27,7,6.5,8.1,32.55
2014/04/24,335,4,2374,39,2,2.6,3.8,32.55
2014/04/24,335,4,23760,46,1,1.3,1.9,32.55
2014/04/24,335,4,24406,17,3,2.1,2.7,32.55
2014/04/24,335,4,24473,45,3,2,2.2,32.55
2014/04/24,335,4,24495,7,1,1.3,1.9,32.55
2014/04/24,335,4,2481,5,3,3.6,5,32.55
2014/04/24,335,4,2944,58,4,5.3,7.7,32.55
2014/04/24,335,4,2954,16,2,2.3,3.1,32.55
2014/04/24,335,4,63625,40,21,7.5,8.3,32.55
2014/04/24,335,4,63633,10,5,2.5,2.5,32.55
2014/04/24,335,4,63634,14,2,2,2.6,32.55
2014/04/24,335,4,63658,44,6,2.2,2.2,32.55
2014/04/24,335,4,63666,34,1,1,1.2,32.55
2014/04/24,335,4,63670,33,1,1,1.3,32.55
2014/04/24,335,4,63682,32,3,2.3,3.1,32.55
2014/04/24,335,4,64979,2,8,4.3,4.4,32.55
2014/04/24,335,4,65296,60,7,5.6,7.1,32.55
2014/04/24,335,4,65300,63,3,2.3,3.1,32.55
2014/04/24,335,4,65309,61,10,5.4,6.7,32.55
2014/04/24,335,4,65343,53,5,3.8,4.8,32.55
2014/04/24,335,4,65349,55,6,5.4,7.2,32.55
2014/04/24,335,4,65350,54,5,2.4,2.8,32.55
2014/04/24,335,4,65354,48,8,4.2,4.8,32.55
2014/04/24,335,4,65355,49,4,2.3,2.7,32.55
2014/04/24,335,4,65363,51,9,6.3,8.7,32.55
2014/04/24,335,4,66704,67,5,3.3,4.3,32.55
2014/04/24,335,4,66756,65,9,6.1,7.5,32.55
2014/04/24,335,4,66758,64,9,6.3,9,32.55
2014/04/24,335,4,72805,43,5,2.5,2.5,32.55
2014/04/24,335,4,77953,72,3,3.1,4.4,32.55
2014/04/24,335,4,91761,19,6,3,3,32.55
2014/04/24,335,4,91766,21,2,2.6,3.8,32.55
2014/04/24,335,4,92440,74,1,1.3,1.9,32.55
2014/04/24,335,4,93398,9,5,2.5,2.5,32.55
2014/04/24,335,4,941,42,5,2.5,2.5,32.55
2014/04/24,335,4,957683,26,3,2,1.6,32.55
2014/04/24,335,4,957684,28,26,7.8,8.3,32.55
2014/04/24,335,4,957794,37,4,3,3.6,32.55
2014/04/24,335,4,9693,11,10,11.5,15.1,32.55
2014/04/24,335,4,969683,59,2,1,1,32.55
2014/04/24,335,4,970125,35,2,2.3,3.1,32.55
2014/04/24,335,4,970290,56,1,1,0.8,32.55
2014/04/24,335,4,97036,62,8,6,7,32.55
2014/04/24,335,4,970570,25,2,2.6,3.8,32.55
2014/04/24,335,4,972218,47,10,8.8,9.5,32.55
2014/04/24,335,4,97242,41,4,3.6,7.5,32.55
2014/04/24,335,4,9792,12,4,2.4,3,32.55
2014/04/24,403,4,1031,13,6,2.4,2.4,14.66
2014/04/24,403,4,11973,51,4,4.1,5.7,14.66
2014/04/24,403,4,1307,18,2,1.8,2.4,14.66
2014/04/24,403,4,14449,56,32,12.5,13.2,14.66
2014/04/24,403,4,15594,49,12,8.1,10.5,14.66
2014/04/24,403,4,15796,6,6,3.8,4.9,14.66
2014/04/24,403,4,17258,42,5,3.1,3.7,14.66
2014/04/24,403,4,17429,40,2,2.3,3.1,14.66
2014/04/24,403,4,18633,7,2,1,1,14.66
2014/04/24,403,4,18722,28,2,1,1,14.66
2014/04/24,403,4,18813,50,4,2,2,14.66
2014/04/24,403,4,19152,33,3,2.8,3.6,14.66
2014/04/24,403,4,19773,41,2,1,1,14.66
2014/04/24,403,4,21177,47,13,6.3,7.5,14.66
2014/04/24,403,4,22533,45,5,2.5,2.5,14.66
2014/04/24,403,4,2267,43,10,10,10,14.66
2014/04/24,403,4,23227,20,3,2.1,2.7,14.66
2014/04/24,403,4,24553,19,1,1.3,1.9,14.66
2014/04/24,403,4,24624,10,2,1.6,2.2,14.66
2014/04/24,403,4,24771,21,1,1.3,1.9,14.66
2014/04/24,403,4,24832,14,1,1.3,1.9,14.66
2014/04/24,403,4,24949,17,1,1.3,1.9,14.66
2014/04/24,403,4,300018,53,2,1,1,14.66
2014/04/24,403,4,305273,35,13,6.1,6.6,14.66
2014/04/24,403,4,305277,58,28,9.5,9.5,14.66
2014/04/24,403,4,305294,60,3,2.9,4.1,14.66
2014/04/24,403,4,305372,32,2,1,1,14.66
2014/04/24,403,4,305725,15,2,2.6,3.8,14.66
2014/04/24,403,4,305846,22,2,2.6,3.8,14.66
2014/04/24,403,4,306735,30,2,1.8,2.4,14.66
2014/04/24,403,4,309712,48,4,2.8,3.4,14.66
2014/04/24,403,4,311804,12,3,3.3,4.5,14.66
2014/04/24,403,4,311808,3,7,5.9,7.6,14.66
2014/04/24,403,4,311814,8,6,2.2,2.2,14.66
2014/04/24,403,4,311828,25,1,1,1.3,14.66
2014/04/24,403,4,311843,9,1,1.3,1.9,14.66
2014/04/24,403,4,311844,38,4,2.1,2.4,14.66
2014/04/24,403,4,311861,29,2,2.3,3.1,14.66
2014/04/24,403,4,311873,44,2,2.6,3.8,14.66
2014/04/24,403,4,311878,27,1,1.3,1.9,14.66
2014/04/24,403,4,311886,4,6,2.2,2.2,14.66
2014/04/24,403,4,313659,34,6,5,6.4,14.66
2014/04/24,403,4,314501,39,3,1.3,1.3,14.66
2014/04/24,403,4,314503,46,5,3.1,3.7,14.66
2014/04/24,403,4,314809,5,2,2.3,3.1,14.66
2014/04/24,403,4,3321,31,10,4.9,5.2,14.66
2014/04/24,403,4,343699,1,5,3.3,3,14.66
2014/04/24,403,4,401081,2,2,2.6,3.8,14.66
2014/04/24,403,4,6039,52,7,2.5,2.5,14.66
2014/04/24,403,4,71888,37,7,4,4,14.66
2014/04/24,403,4,7241,55,9,4.5,4.5,14.66
2014/04/24,403,4,761,16,3,2.1,2.7,14.66
2014/04/24,403,4,916,26,2,1,1,14.66
2014/04/24,403,4,924,11,7,3.5,3.5,14.66
2014/04/24,403,4,970050,24,5,5,6.4,14.66
2014/04/24,403,4,970604,23,2,2.6,3.8,14.66
2014/04/24,403,4,971892,36,2,1.3,1.5,14.66
2014/04/24,403,4,9977,59,7,2.7,2.7,14.66
2014/04/24,403,4,9990858,57,8,4,4.7,14.66
2014/04/24,403,4,9999592,54,2,2.6,3.8,14.66
2014/04/24,404,4,13974,60,2,1,1,19.64
2014/04/24,404,4,14643,21,7,4.5,4.8,19.64
2014/04/24,404,4,15073,11,2,2.6,3.8,19.64
2014/04/24,404,4,15096,22,2,2.3,3.1,19.64
2014/04/24,404,4,17251,12,5,3.6,4.4,19.64
2014/04/24,404,4,18438,19,2,1,1,19.64
2014/04/24,404,4,18638,58,1,1.3,1.9,19.64
2014/04/24,404,4,19644,48,3,2.8,3.6,19.64
2014/04/24,404,4,20273,37,1,1,0.8,19.64
2014/04/24,404,4,22351,3,10,5,5,19.64
2014/04/24,404,4,23234,46,10,3.4,3.4,19.64
2014/04/24,404,4,23610,18,5,5,4.7,19.64
2014/04/24,404,4,24955,44,1,1.3,1.9,19.64
2014/04/24,404,4,25056,50,2,1,1,19.64
2014/04/24,404,4,25068,55,4,3.8,4.6,19.64
2014/04/24,404,4,25142,56,2,2.3,3.1,19.64
2014/04/24,404,4,300168,1,5,2.5,2.5,19.64
2014/04/24,404,4,300267,2,5,3.5,4.5,19.64
2014/04/24,404,4,300723,53,21,17.2,21.2,19.64
2014/04/24,404,4,300731,51,5,2.5,2.5,19.64
2014/04/24,404,4,300740,57,3,1.9,2.5,19.64
2014/04/24,404,4,300747,52,12,7.1,9.1,19.64
2014/04/24,404,4,300870,38,10,6.3,7.5,19.64
2014/04/24,404,4,300875,34,12,5.1,5.3,19.64
2014/04/24,404,4,300877,36,6,3,3,19.64
2014/04/24,404,4,300906,41,1,1,0.8,19.64
2014/04/24,404,4,300907,61,3,2.1,2.7,19.64
2014/04/24,404,4,300944,33,4,2.5,2.8,19.64
2014/04/24,404,4,301128,13,3,1.5,1.5,19.64
2014/04/24,404,4,301349,25,6,5.2,7,19.64
2014/04/24,404,4,301352,30,13,11.9,14.6,19.64
2014/04/24,404,4,301353,20,2,2,2.6,19.64
2014/04/24,404,4,301355,23,2,1,1.2,19.64
2014/04/24,404,4,301356,10,2,2.6,3.8,19.64
2014/04/24,404,4,301389,29,11,7.4,10,19.64
2014/04/24,404,4,311726,35,9,8.1,10.5,19.64
2014/04/24,404,4,312665,7,7,4,4.2,19.64
2014/04/24,404,4,314016,32,4,1.6,1.7,19.64
2014/04/24,404,4,314028,59,2,2.6,3.8,19.64
2014/04/24,404,4,314365,17,2,1.8,2.4,19.64
2014/04/24,404,4,314371,31,2,2.3,3.1,19.64
2014/04/24,404,4,314373,26,12,6.5,7,19.64
2014/04/24,404,4,314383,28,2,2.6,3.8,19.64
2014/04/24,404,4,314389,6,3,2.5,2.8,19.64
2014/04/24,404,4,315219,47,2,1.5,1.6,19.64
2014/04/24,404,4,341202,27,1,1.3,1.9,19.64
2014/04/24,404,4,341203,42,3,2,2,19.64
2014/04/24,404,4,343453,54,3,1.5,1.5,19.64
2014/04/24,404,4,3646,49,4,2.5,2.5,19.64
2014/04/24,404,4,3875,14,3,2.3,2.9,19.64
2014/04/24,404,4,4423,16,2,2.6,3.8,19.64
2014/04/24,404,4,5918,15,2,2.3,2.9,19.64
2014/04/24,404,4,6619,24,10,8,10.2,19.64
2014/04/24,404,4,7003,45,3,3,2.9,19.64
2014/04/24,404,4,9995200,39,3,2,2,19.64
2014/04/24,404,4,9998137,9,4,3.6,4.8,19.64
2014/04/24,404,4,9998203,4,1,1.3,1.9,19.64
2014/04/24,404,4,9998424,8,3,1.3,1.5,19.64
2014/04/24,404,4,9998564,43,8,4.4,5.4,19.64
2014/04/24,404,4,9999222,40,6,4.7,5.9,19.64
2014/04/24,404,4,9999614,5,3,3.1,4.3,19.64
2014/04/24,405,4,11757,49,3,3.1,4.3,23.67
2014/04/24,405,4,11758,13,2,1,1,23.67
2014/04/24,405,4,12304,59,4,2.1,2.3,23.67
2014/04/24,405,4,13746,38,3,2.1,2.7,23.67
2014/04/24,405,4,14159,65,5,2.1,2.1,23.67
2014/04/24,405,4,14429,10,5,2.5,2.5,23.67
2014/04/24,405,4,14673,62,7,4.2,4.1,23.67
2014/04/24,405,4,16043,45,4,2,2,23.67
2014/04/24,405,4,1695,52,2,2.6,3.8,23.67
2014/04/24,405,4,17385,7,1,1.3,1.9,23.67
2014/04/24,405,4,18919,32,5,2.5,2.5,23.67
2014/04/24,405,4,19845,39,13,8,10.4,23.67
2014/04/24,405,4,20824,56,3,1.3,1.3,23.67
2014/04/24,405,4,20964,51,6,3,3,23.67
2014/04/24,405,4,21778,21,3,2,2.7,23.67
2014/04/24,405,4,21934,47,3,3.1,4.3,23.67
2014/04/24,405,4,22767,24,2,2.3,2.9,23.67
2014/04/24,405,4,22942,63,10,10,10.9,23.67
2014/04/24,405,4,23543,60,9,5.5,6.8,23.67
2014/04/24,405,4,24262,28,16,8.3,9.9,23.67
2014/04/24,405,4,24459,27,4,2.5,2.8,23.67
2014/04/24,405,4,24625,12,31,20.5,24.1,23.67
2014/04/24,405,4,2580,58,1,1.3,1.9,23.67
2014/04/24,405,4,302746,22,2,2.6,3.8,23.67
2014/04/24,405,4,305719,2,4,4.1,5.6,23.67
2014/04/24,405,4,305723,9,4,2.8,3.4,23.67
2014/04/24,405,4,305733,18,25,10.7,12.5,23.67
2014/04/24,405,4,305748,16,9,2.9,2.9,23.67
2014/04/24,405,4,305750,19,4,2.8,3.4,23.67
2014/04/24,405,4,305771,14,11,4.3,4.9,23.67
2014/04/24,405,4,306539,11,3,2.5,3.2,23.67
2014/04/24,405,4,306595,29,2,2.7,3.9,23.67
2014/04/24,405,4,306598,20,2,2.6,3.8,23.67
2014/04/24,405,4,306642,5,1,1.3,1.9,23.67
2014/04/24,405,4,306694,4,1,1,1,23.67
2014/04/24,405,4,314513,1,2,1.8,2.4,23.67
2014/04/24,405,4,3305,61,7,5,5.5,23.67
2014/04/24,405,4,340319,26,3,2.6,3.5,23.67
2014/04/24,405,4,343386,6,4,2.9,3.5,23.67
2014/04/24,405,4,446987,3,8,7.8,10.8,23.67
2014/04/24,405,4,53872,31,1,1.3,1.9,23.67
2014/04/24,405,4,55171,40,5,3.5,4.5,23.67
2014/04/24,405,4,64559,53,4,1.6,1.6,23.67
2014/04/24,405,4,64568,43,3,3.1,4.3,23.67
2014/04/24,405,4,64575,41,6,3.4,4,23.67
2014/04/24,405,4,64579,42,4,2,2.2,23.67
2014/04/24,405,4,64594,36,4,3.6,4.8,23.67
2014/04/24,405,4,64595,35,3,2,2.2,23.67
2014/04/24,405,4,64615,66,2,1.8,2.3,23.67
2014/04/24,405,4,64621,37,3,2.1,2.7,23.67
2014/04/24,405,4,64623,34,3,1.8,2.1,23.67
2014/04/24,405,4,64719,44,3,2.3,2.9,23.67
2014/04/24,405,4,69194,30,2,1.8,2.4,23.67
2014/04/24,405,4,69371,46,6,3.8,4.4,23.67
2014/04/24,405,4,69666,57,5,2.5,2.5,23.67
2014/04/24,405,4,73017,33,2,2.6,3.8,23.67
2014/04/24,405,4,734,17,1,1.3,1.9,23.67
2014/04/24,405,4,77470,55,5,2.5,2.5,23.67
2014/04/24,405,4,92488,50,6,2.4,2.4,23.67
2014/04/24,405,4,92893,48,5,1.7,1.7,23.67
2014/04/24,405,4,92939,64,2,2.6,3.8,23.67
2014/04/24,405,4,957424,8,1,1,1.3,23.67
2014/04/24,405,4,960127,15,1,1.3,1.9,23.67
2014/04/24,405,4,969466,23,10,10,12.8,23.67
2014/04/24,405,4,969792,25,5,3.1,3.7,23.67
2014/04/24,405,4,972024,54,1,1,0.8,23.67
2014/04/24,406,4,11938,3,4,2.1,2.3,30.26
2014/04/24,406,4,14598,38,1,1.3,1.9,30.26
2014/04/24,406,4,14937,37,2,2.6,3.8,30.26
2014/04/24,406,4,15333,12,21,7,7.6,30.26
2014/04/24,406,4,154,30,2,2,1.7,30.26
2014/04/24,406,4,15643,55,2,1,1,30.26
2014/04/24,406,4,16602,48,2,2.3,3.2,30.26
2014/04/24,406,4,16763,9,1,1.3,1.9,30.26
2014/04/24,406,4,16916,58,3,3,2.9,30.26
2014/04/24,406,4,17030,39,2,1,0.8,30.26
2014/04/24,406,4,19378,15,1,1.3,1.9,30.26
2014/04/24,406,4,1968,10,9,6,7.2,30.26
2014/04/24,406,4,19682,60,2,2.3,3.1,30.26
2014/04/24,406,4,19783,27,3,2.5,2.8,30.26
2014/04/24,406,4,19787,45,1,1.3,1.9,30.26
2014/04/24,406,4,2102,36,5,3.7,4.9,30.26
2014/04/24,406,4,21750,42,1,1,1.2,30.26
2014/04/24,406,4,21751,34,2,2.3,3.6,30.26
2014/04/24,406,4,22042,14,2,1,1,30.26
2014/04/24,406,4,23208,46,3,1.1,1.1,30.26
2014/04/24,406,4,23576,61,5,2.5,2.5,30.26
2014/04/24,406,4,24187,6,4,3,3.2,30.26
2014/04/24,406,4,2437,44,3,3.9,5.7,30.26
2014/04/24,406,4,24640,51,220,220,235.9,30.26
2014/04/24,406,4,24833,19,2,1,1,30.26
2014/04/24,406,4,24906,43,1,1.3,1.9,30.26
2014/04/24,406,4,24957,56,1,1,0.6,30.26
2014/04/24,406,4,2718,53,6,3,3,30.26
2014/04/24,406,4,50652,31,4,4,4.1,30.26
2014/04/24,406,4,55871,22,1,1,1.3,30.26
2014/04/24,406,4,63671,7,1,1.3,1.9,30.26
2014/04/24,406,4,63672,8,2,2.6,3.8,30.26
2014/04/24,406,4,63678,13,4,1.2,1.2,30.26
2014/04/24,406,4,63743,24,11,10.8,14.8,30.26
2014/04/24,406,4,63745,25,1,1.3,1.9,30.26
2014/04/24,406,4,63750,20,30,11,11.2,30.26
2014/04/24,406,4,63753,17,2,2.3,3.1,30.26
2014/04/24,406,4,64177,41,4,3.9,4.9,30.26
2014/04/24,406,4,64189,47,2,2.3,3.1,30.26
2014/04/24,406,4,64190,50,6,2.2,2.2,30.26
2014/04/24,406,4,64202,26,5,5.7,8.1,30.26
2014/04/24,406,4,64778,57,2,1,1,30.26
2014/04/24,406,4,64829,62,4,2.5,2.7,30.26
2014/04/24,406,4,66872,5,3,3.3,10.4,30.26
2014/04/24,406,4,69664,52,6,2.2,2.2,30.26
2014/04/24,406,4,71659,23,2,1.8,2.4,30.26
2014/04/24,406,4,71662,16,1,1.3,1.9,30.26
2014/04/24,406,4,73210,59,2,1.8,2.4,30.26
2014/04/24,406,4,73778,1,4,2,2,30.26
2014/04/24,406,4,77928,4,2,2.6,3.8,30.26
2014/04/24,406,4,78254,18,2,1,1,30.26
2014/04/24,406,4,93121,33,4,3,3.3,30.26
2014/04/24,406,4,957426,54,3,3.1,4.3,30.26
2014/04/24,406,4,957793,40,4,2,2.2,30.26
2014/04/24,406,4,969950,32,2,1,1.2,30.26
2014/04/24,406,4,970298,11,3,3.1,4.3,30.26
2014/04/24,406,4,970560,2,4,4,4.8,30.26
2014/04/24,406,4,971133,21,1,1,0.6,30.26
2014/04/24,406,4,971758,28,4,2.8,3.4,30.26
2014/04/24,406,4,972018,29,1,1,0.6,30.26
2014/04/24,406,4,972521,35,7,4.8,5.6,30.26
2014/04/24,406,4,972551,49,3,2,2.3,30.26
2014/04/24,6109,4,11636,15,2,2.6,3.8,25.99
2014/04/24,6109,4,11913,26,2,2.7,3.9,25.99
2014/04/24,6109,4,11937,37,8,4.3,5,25.99
2014/04/24,6109,4,13744,33,4,3.6,4.8,25.99
2014/04/24,6109,4,14003,17,5,2.5,2.5,25.99
2014/04/24,6109,4,15641,12,3,4,5.8,25.99
2014/04/24,6109,4,15793,14,3,2.3,2.9,25.99
2014/04/24,6109,4,17892,42,2,2.6,3.8,25.99
2014/04/24,6109,4,19204,47,5,2.5,2.5,25.99
2014/04/24,6109,4,20869,52,9,8.7,11.4,25.99
2014/04/24,6109,4,22247,61,1,1.3,1.9,25.99
2014/04/24,6109,4,22833,31,2,2.6,3.8,25.99
2014/04/24,6109,4,22911,2,2,2.3,3.1,25.99
2014/04/24,6109,4,23250,8,5,5,6.4,25.99
2014/04/24,6109,4,24191,34,2,1,1.2,25.99
2014/04/24,6109,4,24670,24,4,2.4,3,25.99
2014/04/24,6109,4,25103,48,3,3,2.9,25.99
2014/04/24,6109,4,2894,22,4,2,2,25.99
2014/04/24,6109,4,3108,11,5,2.5,2.5,25.99
2014/04/24,6109,4,3151,39,2,2.6,3.8,25.99
2014/04/24,6109,4,3156,43,7,3.5,3.5,25.99
2014/04/24,6109,4,3208,60,3,2.5,3.1,25.99
2014/04/24,6109,4,3371,13,14,15.6,21.7,25.99
2014/04/24,6109,4,63378,63,2,2.6,3.8,25.99
2014/04/24,6109,4,63381,64,4,4,5.1,25.99
2014/04/24,6109,4,63384,4,2,2.6,3.8,25.99
2014/04/24,6109,4,63512,25,2,2.3,3.6,25.99
2014/04/24,6109,4,63516,23,2,2.7,3.9,25.99
2014/04/24,6109,4,63529,27,4,3.1,3.9,25.99
2014/04/24,6109,4,64890,57,3,2.3,2.9,25.99
2014/04/24,6109,4,64894,56,8,5.7,6.9,25.99
2014/04/24,6109,4,65070,32,6,2.2,2.2,25.99
2014/04/24,6109,4,65084,30,1,1.3,1.9,25.99
2014/04/24,6109,4,65119,36,15,13.5,17.3,25.99
2014/04/24,6109,4,66648,29,3,2.8,6.6,25.99
2014/04/24,6109,4,66657,50,2,2.6,3.8,25.99
2014/04/24,6109,4,66670,45,4,2.8,3.2,25.99
2014/04/24,6109,4,66676,41,19,11.1,13,25.99
2014/04/24,6109,4,66680,40,4,3.8,4.7,25.99
2014/04/24,6109,4,66734,44,2,2,3.4,25.99
2014/04/24,6109,4,68492,51,8,6,7.8,25.99
2014/04/24,6109,4,69374,18,4,2,2,25.99
2014/04/24,6109,4,69376,54,3,3.1,4.3,25.99
2014/04/24,6109,4,73342,46,5,2.5,2.5,25.99
2014/04/24,6109,4,74229,58,2,2.6,3.8,25.99
2014/04/24,6109,4,77130,68,5,2.5,2.6,25.99
2014/04/24,6109,4,77139,21,5,3.3,3.9,25.99
2014/04/24,6109,4,813,49,12,8.8,9.2,25.99
2014/04/24,6109,4,93004,35,1,1.3,1.9,25.99
2014/04/24,6109,4,93081,16,7,4.5,4.8,25.99
2014/04/24,6109,4,93093,53,12,9.8,11.1,25.99
2014/04/24,6109,4,93316,55,4,3.3,4.2,25.99
2014/04/24,6109,4,957045,6,2,2.3,3.1,25.99
2014/04/24,6109,4,957347,65,6,3.8,4.4,25.99
2014/04/24,6109,4,957422,66,7,4.6,5.3,25.99
2014/04/24,6109,4,957738,5,2,2.6,3.8,25.99
2014/04/24,6109,4,9585,59,2,1.8,2.5,25.99
2014/04/24,6109,4,959911,28,6,3.5,3.8,25.99
2014/04/24,6109,4,9679,67,5,3.8,5.4,25.99
2014/04/24,6109,4,969668,1,3,1.5,1.5,25.99
2014/04/24,6109,4,969770,9,1,1.3,1.9,25.99
2014/04/24,6109,4,969771,10,5,2.5,2.5,25.99
2014/04/24,6109,4,970065,7,2,2.6,3.8,25.99
2014/04/24,6109,4,970382,3,5,4.7,6.2,25.99
2014/04/24,6109,4,970663,38,6,4.7,6.2,25.99
2014/04/24,6109,4,97168,62,2,2.3,3.2,25.99
2014/04/24,6109,4,972760,20,5,2.9,3.5,25.99
2014/04/24,6109,4,97336,19,3,2.3,2.9,25.99
2014/04/24,6124,4,11272,27,1,1,1.2,22.33
2014/04/24,6124,4,14292,22,10,7.3,10.2,22.33
2014/04/24,6124,4,1671,56,5,4.3,6.1,22.33
2014/04/24,6124,4,16811,13,9,5.1,5.6,22.33
2014/04/24,6124,4,17239,19,2,2,2.4,22.33
2014/04/24,6124,4,17678,16,2,2,2.3,22.33
2014/04/24,6124,4,18093,4,3,2.1,2.7,22.33
2014/04/24,6124,4,18177,14,10,3.4,3.4,22.33
2014/04/24,6124,4,18428,52,4,2.8,3.4,22.33
2014/04/24,6124,4,19251,57,8,4.6,5.3,22.33
2014/04/24,6124,4,19874,3,1,1.3,1.9,22.33
2014/04/24,6124,4,21011,10,3,3,3.5,22.33
2014/04/24,6124,4,21153,17,1,1,0.6,22.33
2014/04/24,6124,4,21645,49,2,2.6,3.8,22.33
2014/04/24,6124,4,2226,40,1,1.3,1.9,22.33
2014/04/24,6124,4,22306,32,1,1.3,1.9,22.33
2014/04/24,6124,4,22485,23,2,2.3,3.2,22.33
2014/04/24,6124,4,23670,44,5,4.1,5.4,22.33
2014/04/24,6124,4,24451,30,13,9.4,11,22.33
2014/04/24,6124,4,2567,6,4,2.3,3.1,22.33
2014/04/24,6124,4,2955,25,2,2.6,3.8,22.33
2014/04/24,6124,4,402019,2,6,5.9,8.2,22.33
2014/04/24,6124,4,446535,50,5,4.3,5.1,22.33
2014/04/24,6124,4,51673,58,2,2.6,3.8,22.33
2014/04/24,6124,4,51882,20,3,2,2.2,22.33
2014/04/24,6124,4,57147,18,3,3.3,4.3,22.33
2014/04/24,6124,4,58013,28,5,5,4.7,22.33
2014/04/24,6124,4,60376,12,9,8.6,10,22.33
2014/04/24,6124,4,60378,11,6,4.4,5.4,22.33
2014/04/24,6124,4,60394,34,3,2.5,3,22.33
2014/04/24,6124,4,60397,15,8,4,4,22.33
2014/04/24,6124,4,60412,1,3,3.3,4.6,22.33
2014/04/24,6124,4,60421,36,7,4.8,5.2,22.33
2014/04/24,6124,4,60925,21,5,2.6,2.9,22.33
2014/04/24,6124,4,60929,33,10,5.6,6,22.33
2014/04/24,6124,4,60962,5,7,4.3,4.9,22.33
2014/04/24,6124,4,61177,41,2,2.3,3.1,22.33
2014/04/24,6124,4,61180,53,2,2,2.6,22.33
2014/04/24,6124,4,61213,42,7,5.6,7.1,22.33
2014/04/24,6124,4,61214,43,2,2,3.4,22.33
2014/04/24,6124,4,61221,45,2,2.6,3.8,22.33
2014/04/24,6124,4,61227,48,8,6.6,9.4,22.33
2014/04/24,6124,4,64631,29,4,2.5,2.8,22.33
2014/04/24,6124,4,64648,26,4,4.1,5.4,22.33
2014/04/24,6124,4,69032,54,3,2,2.7,22.33
2014/04/24,6124,4,69034,38,4,3.6,4.8,22.33
2014/04/24,6124,4,69038,39,2,1.8,2.4,22.33
2014/04/24,6124,4,73361,47,4,3.3,4.4,22.33
2014/04/24,6124,4,76978,9,5,2.5,2.9,22.33
2014/04/24,6124,4,91254,59,1,1,1.2,22.33
2014/04/24,6124,4,92715,51,3,4,5.8,22.33
2014/04/24,6124,4,92944,35,4,4.7,6.2,22.33
2014/04/24,6124,4,92956,8,8,3.8,3.8,22.33
2014/04/24,6124,4,963994,24,5,1.7,1.8,22.33
2014/04/24,6124,4,967939,37,4,2.5,2.7,22.33
2014/04/24,6124,4,970024,7,9,5.1,5.7,22.33
2014/04/24,6124,4,970637,60,9,4.9,6.3,22.33
2014/04/24,6124,4,971554,55,3,2.1,2.7,22.33
2014/04/24,6124,4,97238,46,2,2.3,2.9,22.33
2014/04/24,6124,4,97292,31,4,2.2,2.8,22.33
2014/04/24,6135,4,10075,22,3,2.3,2.9,17.93
2014/04/24,6135,4,1009,47,6,3,3.6,17.93
2014/04/24,6135,4,10169,9,5,3.9,5.1,17.93
2014/04/24,6135,4,10787,20,1,1.3,1.9,17.93
2014/04/24,6135,4,11722,41,3,2,2.4,17.93
2014/04/24,6135,4,12128,10,20,10,10,17.93
2014/04/24,6135,4,13647,35,5,2.5,2.5,17.93
2014/04/24,6135,4,14591,67,7,3.5,4.1,17.93
2014/04/24,6135,4,14943,62,4,4.6,6.1,17.93
2014/04/24,6135,4,15037,29,5,2.5,2.5,17.93
2014/04/24,6135,4,15129,64,8,2,2,17.93
2014/04/24,6135,4,15332,33,7,3.5,4.1,17.93
2014/04/24,6135,4,15346,5,1,1.3,1.9,17.93
2014/04/24,6135,4,16301,38,10,10,10.1,17.93
2014/04/24,6135,4,16678,8,5,3,3.4,17.93
2014/04/24,6135,4,17184,25,7,5.8,6.1,17.93
2014/04/24,6135,4,17761,16,1,1.3,1.9,17.93
2014/04/24,6135,4,1805,54,3,2,2.2,17.93
2014/04/24,6135,4,18169,55,5,2.5,2.5,17.93
2014/04/24,6135,4,18938,13,2,2.6,3.8,17.93
2014/04/24,6135,4,18939,18,2,1,1,17.93
2014/04/24,6135,4,19921,61,1,1.3,1.9,17.93
2014/04/24,6135,4,19965,30,1,1,1.2,17.93
2014/04/24,6135,4,20226,17,1,1,4.2,17.93
2014/04/24,6135,4,20823,56,5,2.8,3.1,17.93
2014/04/24,6135,4,23492,21,16,6.2,6.4,17.93
2014/04/24,6135,4,23519,27,1,1,1.3,17.93
2014/04/24,6135,4,23590,37,5,2.5,2.5,17.93
2014/04/24,6135,4,24641,24,3,2,2.3,17.93
2014/04/24,6135,4,24697,39,10,5,5,17.93
2014/04/24,6135,4,24901,6,5,5,4.6,17.93
2014/04/24,6135,4,301795,23,5,3,6.2,17.93
2014/04/24,6135,4,304799,45,7,5.6,7,17.93
2014/04/24,6135,4,304800,57,5,4.6,6.1,17.93
2014/04/24,6135,4,304804,36,3,3.9,5.7,17.93
2014/04/24,6135,4,304814,50,5,2.5,2.5,17.93
2014/04/24,6135,4,304838,48,2,2,1.9,17.93
2014/04/24,6135,4,306073,42,5,2.1,2.1,17.93
2014/04/24,6135,4,306079,69,34,15.2,16.1,17.93
2014/04/24,6135,4,306091,65,5,2.5,2.5,17.93
2014/04/24,6135,4,306106,58,4,3.2,4.4,17.93
2014/04/24,6135,4,306488,52,6,2.9,3.1,17.93
2014/04/24,6135,4,307349,66,30,11.1,11.1,17.93
2014/04/24,6135,4,308178,32,5,2.5,2.5,17.93
2014/04/24,6135,4,312413,1,6,3.4,4,17.93
2014/04/24,6135,4,312414,28,5,5,6.2,17.93
2014/04/24,6135,4,312440,31,3,2,2.1,17.93
2014/04/24,6135,4,312446,3,5,3.5,3.8,17.93
2014/04/24,6135,4,312468,34,2,1,1.1,17.93
2014/04/24,6135,4,312473,26,2,1,1,17.93
2014/04/24,6135,4,313556,11,1,1.3,1.9,17.93
2014/04/24,6135,4,343668,46,10,5.8,6.6,17.93
2014/04/24,6135,4,4016,15,3,3.7,5.1,17.93
2014/04/24,6135,4,4025,7,2,1.8,2.5,17.93
2014/04/24,6135,4,4354,4,2,2.3,3.6,17.93
2014/04/24,6135,4,5969,19,3,3.9,5.7,17.93
2014/04/24,6135,4,597,43,1,1,1.2,17.93
2014/04/24,6135,4,68372,68,19,11.5,13.4,17.93
2014/04/24,6135,4,69397,44,5,2.5,2.5,17.93
2014/04/24,6135,4,69745,63,5,2.4,2.6,17.93
2014/04/24,6135,4,957037,49,4,1.4,1.3,17.93
2014/04/24,6135,4,969446,59,5,5,6.4,17.93
2014/04/24,6135,4,969905,51,5,2.1,2.1,17.93
2014/04/24,6135,4,970044,53,2,1,1,17.93
2014/04/24,6135,4,970801,40,8,6.9,9.9,17.93
2014/04/24,6135,4,972804,60,2,2.1,2.8,17.93
2014/04/24,6135,4,9991860,12,2,2.6,3.8,17.93
2014/04/24,6135,4,9996394,2,1,1,1.3,17.93
2014/04/24,6135,4,9998293,14,5,6.7,9.7,17.93
2014/04/24,6136,4,1118,42,3,3,2.9,20.91
2014/04/24,6136,4,11367,58,2,2.6,3.8,20.91
2014/04/24,6136,4,11998,15,8,6,7.3,20.91
2014/04/24,6136,4,1207,61,9,6.9,8.7,20.91
2014/04/24,6136,4,12129,38,1,1.3,1.9,20.91
2014/04/24,6136,4,1263,57,1,1,4.2,20.91
2014/04/24,6136,4,13686,19,5,3.8,4,20.91
2014/04/24,6136,4,14645,26,1,1.3,1.9,20.91
2014/04/24,6136,4,14693,9,5,2.5,2.5,20.91
2014/04/24,6136,4,14932,65,3,3.6,5.1,20.91
2014/04/24,6136,4,15139,5,2,1,1,20.91
2014/04/24,6136,4,15359,1,20,10,10,20.91
2014/04/24,6136,4,16089,13,3,3.9,5.7,20.91
2014/04/24,6136,4,1616,37,2,2.3,3.1,20.91
2014/04/24,6136,4,17166,60,2,1,1,20.91
2014/04/24,6136,4,18088,66,3,3.3,4.3,20.91
2014/04/24,6136,4,18107,69,5,5.1,7.2,20.91
2014/04/24,6136,4,1819,33,4,2.8,3.4,20.91
2014/04/24,6136,4,18191,22,7,5.5,9,20.91
2014/04/24,6136,4,18530,8,1,1,1.7,20.91
2014/04/24,6136,4,18796,11,4,4.6,6.2,20.91
2014/04/24,6136,4,19196,6,7,5.7,7.7,20.91
2014/04/24,6136,4,19437,50,3,1.8,2.1,20.91
2014/04/24,6136,4,19657,23,5,5.1,7.7,20.91
2014/04/24,6136,4,19826,24,2,2.6,3.8,20.91
2014/04/24,6136,4,20593,36,2,1.8,2.4,20.91
2014/04/24,6136,4,2164,71,3,3.1,4.1,20.91
2014/04/24,6136,4,21650,10,4,1,1,20.91
2014/04/24,6136,4,21885,68,2,1,1,20.91
2014/04/24,6136,4,21937,51,2,2.6,3.8,20.91
2014/04/24,6136,4,22747,31,3,1.1,1.1,20.91
2014/04/24,6136,4,23257,75,3,2,2,20.91
2014/04/24,6136,4,2531,73,3,2.3,2.9,20.91
2014/04/24,6136,4,308144,2,2,2,2.6,20.91
2014/04/24,6136,4,55148,16,4,2,2,20.91
2014/04/24,6136,4,55151,35,3,3.1,4.3,20.91
2014/04/24,6136,4,5707,3,3,2.8,3.4,20.91
2014/04/24,6136,4,57838,41,3,3.3,4.1,20.91
2014/04/24,6136,4,58316,70,3,2.3,2.9,20.91
2014/04/24,6136,4,60055,32,4,3.3,3.9,20.91
2014/04/24,6136,4,60058,40,2,2.6,3.8,20.91
2014/04/24,6136,4,61052,63,3,2.8,3.6,20.91
2014/04/24,6136,4,61070,64,8,6.5,9.1,20.91
2014/04/24,6136,4,61092,55,2,2.6,3.8,20.91
2014/04/24,6136,4,61142,59,2,2.6,3.8,20.91
2014/04/24,6136,4,6189,4,5,2.5,2.5,20.91
2014/04/24,6136,4,619,49,2,2.6,3.8,20.91
2014/04/24,6136,4,69086,12,14,10.3,12.8,20.91
2014/04/24,6136,4,69246,21,4,5.2,7.6,20.91
2014/04/24,6136,4,71639,17,7,4.2,13.9,20.91
2014/04/24,6136,4,71640,52,7,7.7,10.6,20.91
2014/04/24,6136,4,72950,27,4,5,7.5,20.91
2014/04/24,6136,4,73133,54,4,2,2.2,20.91
2014/04/24,6136,4,75835,74,5,5.7,8.1,20.91
2014/04/24,6136,4,77032,62,5,2.5,2.5,20.91
2014/04/24,6136,4,78083,48,3,3.9,5.7,20.91
2014/04/24,6136,4,78095,39,6,3.5,3.7,20.91
2014/04/24,6136,4,78096,25,7,6.7,9.1,20.91
2014/04/24,6136,4,78105,30,4,3.3,7.1,20.91
2014/04/24,6136,4,78594,56,3,2.3,2.9,20.91
2014/04/24,6136,4,871,67,21,15.7,19.5,20.91
2014/04/24,6136,4,9116,53,4,2,2,20.91
2014/04/24,6136,4,92617,45,1,1.3,1.9,20.91
2014/04/24,6136,4,93350,29,2,1.8,2.4,20.91
2014/04/24,6136,4,966563,20,2,1,1,20.91
2014/04/24,6136,4,970069,18,3,3,3.6,20.91
2014/04/24,6136,4,97011,44,1,1.3,1.9,20.91
2014/04/24,6136,4,970647,28,1,1.3,1.9,20.91
2014/04/24,6136,4,971445,47,18,11.2,14,20.91
2014/04/24,6136,4,971595,72,2,2.3,3.1,20.91
2014/04/24,6136,4,971907,14,10,5,5,20.91
2014/04/24,6136,4,972065,34,2,1.8,2.4,20.91
2014/04/24,6136,4,972123,46,2,2.6,3.8,20.91
2014/04/24,6136,4,972363,43,2,1.8,2.4,20.91
2014/04/24,6136,4,9995197,7,9,6.7,8.5,20.91
2014/04/24,6142,4,1097,18,11,4.4,5,19.76
2014/04/24,6142,4,1114,69,4,3.1,4,19.76
2014/04/24,6142,4,11374,2,10,7.4,9.2,19.76
2014/04/24,6142,4,13707,22,3,2.5,3,19.76
2014/04/24,6142,4,13722,54,4,2.4,3.1,19.76
2014/04/24,6142,4,13823,57,6,4.1,4.3,19.76
2014/04/24,6142,4,15208,72,14,5.3,4.9,19.76
2014/04/24,6142,4,15227,50,1,1.3,1.9,19.76
2014/04/24,6142,4,16112,52,11,4.3,4.6,19.76
2014/04/24,6142,4,16229,67,3,1.1,1.1,19.76
2014/04/24,6142,4,17595,46,2,2,2.4,19.76
2014/04/24,6142,4,17758,44,6,6.4,9.1,19.76
2014/04/24,6142,4,18166,15,15,6.7,6.9,19.76
2014/04/24,6142,4,18342,60,3,2,2.3,19.76
2014/04/24,6142,4,18447,9,10,5,5,19.76
2014/04/24,6142,4,18774,65,5,2.5,2.5,19.76
2014/04/24,6142,4,19284,28,1,1.3,1.9,19.76
2014/04/24,6142,4,19769,3,7,4.3,5.3,19.76
2014/04/24,6142,4,19805,68,4,2,2,19.76
2014/04/24,6142,4,20312,63,1,1,1.3,19.76
2014/04/24,6142,4,20366,49,2,2.7,3.9,19.76
2014/04/24,6142,4,20480,51,3,2.3,2.5,19.76
2014/04/24,6142,4,20496,24,9,7.9,10.3,19.76
2014/04/24,6142,4,21467,39,3,1.5,1.5,19.76
2014/04/24,6142,4,21653,58,2,1.8,2.4,19.76
2014/04/24,6142,4,22015,45,1,1.3,1.9,19.76
2014/04/24,6142,4,22772,20,10,5,5.8,19.76
2014/04/24,6142,4,23188,11,4,2,2,19.76
2014/04/24,6142,4,23384,42,6,2.6,2.6,19.76
2014/04/24,6142,4,23833,37,3,1.1,1.1,19.76
2014/04/24,6142,4,24150,21,6,3.8,4.4,19.76
2014/04/24,6142,4,24195,47,2,2.7,3.9,19.76
2014/04/24,6142,4,24270,43,5,3,3.3,19.76
2014/04/24,6142,4,24296,56,1,1,1.7,19.76
2014/04/24,6142,4,24439,53,2,1.5,2.2,19.76
2014/04/24,6142,4,24441,26,46,37,39,19.76
2014/04/24,6142,4,24476,5,3,2.3,2.9,19.76
2014/04/24,6142,4,24477,71,4,3.6,4.8,19.76
2014/04/24,6142,4,24478,30,29,13.2,14.8,19.76
2014/04/24,6142,4,24816,36,2,2.6,3.8,19.76
2014/04/24,6142,4,341421,73,1,1.3,1.9,19.76
2014/04/24,6142,4,50264,29,5,3.5,3.8,19.76
2014/04/24,6142,4,58180,64,6,5.5,6.9,19.76
2014/04/24,6142,4,58678,38,2,2.6,3.8,19.76
2014/04/24,6142,4,58679,41,2,1,1,19.76
2014/04/24,6142,4,58681,61,12,4.5,4.6,19.76
2014/04/24,6142,4,58690,55,7,4.8,5.6,19.76
2014/04/24,6142,4,58743,4,3,2.3,2.9,19.76
2014/04/24,6142,4,58746,70,2,2.3,3.1,19.76
2014/04/24,6142,4,58751,66,4,2,2.4,19.76
2014/04/24,6142,4,58758,32,2,1.8,2.4,19.76
2014/04/24,6142,4,58759,31,3,2.8,3.7,19.76
2014/04/24,6142,4,58760,35,2,2,1.9,19.76
2014/04/24,6142,4,58788,48,8,5.7,7.1,19.76
2014/04/24,6142,4,58909,27,3,3.6,4.8,19.76
2014/04/24,6142,4,58929,33,2,2.7,3.9,19.76
2014/04/24,6142,4,60648,25,3,2.3,2.9,19.76
2014/04/24,6142,4,63070,6,16,9.2,10.4,19.76
2014/04/24,6142,4,63103,17,3,3.6,5,19.76
2014/04/24,6142,4,63121,7,1,1.3,1.9,19.76
2014/04/24,6142,4,63329,14,3,3.1,4.3,19.76
2014/04/24,6142,4,63334,16,4,2,2,19.76
2014/04/24,6142,4,68967,12,3,2.3,2.9,19.76
2014/04/24,6142,4,75014,34,3,1.5,1.5,19.76
2014/04/24,6142,4,78015,19,4,2.8,3.4,19.76
2014/04/24,6142,4,92613,13,4,3.1,3.7,19.76
2014/04/24,6142,4,957432,59,1,1.3,1.9,19.76
2014/04/24,6142,4,957853,23,9,8,11,19.76
2014/04/24,6142,4,96524,40,9,6.2,7.4,19.76
2014/04/24,6142,4,970265,62,5,5,4.7,19.76
2014/04/24,6142,4,970428,10,7,5.1,6.4,19.76
2014/04/24,6142,4,988,8,2,1.8,2.4,19.76
2014/04/24,6142,4,9997027,1,5,5,4.6,19.76
2014/04/24,6142,4,9999248,74,3,2.8,3.7,19.76
2014/04/24,6145,4,10167,14,3,3.6,5,25.98
2014/04/24,6145,4,12099,37,2,2,2.4,25.98
2014/04/24,6145,4,12363,68,3,2.1,2.7,25.98
2014/04/24,6145,4,13706,40,10,3.1,3.1,25.98
2014/04/24,6145,4,15199,60,13,6.5,6.5,25.98
2014/04/24,6145,4,16639,69,2,1.5,1.7,25.98
2014/04/24,6145,4,16914,65,2,2.7,3.9,25.98
2014/04/24,6145,4,17560,54,3,3.1,4.4,25.98
2014/04/24,6145,4,17738,17,7,6,7.4,25.98
2014/04/24,6145,4,18145,15,3,2,2.2,25.98
2014/04/24,6145,4,18900,77,7,4.8,5.6,25.98
2014/04/24,6145,4,1938,36,1,1.3,1.9,25.98
2014/04/24,6145,4,19598,38,6,5.1,8.1,25.98
2014/04/24,6145,4,20003,18,3,2.3,2.9,25.98
2014/04/24,6145,4,20329,13,2,1,1,25.98
2014/04/24,6145,4,21048,41,3,1.1,1.1,25.98
2014/04/24,6145,4,21076,72,4,3.2,4.4,25.98
2014/04/24,6145,4,21092,8,1,1.3,1.9,25.98
2014/04/24,6145,4,21439,35,1,1.3,1.9,25.98
2014/04/24,6145,4,2169,39,3,3.6,4.8,25.98
2014/04/24,6145,4,21747,43,3,2.3,2.9,25.98
2014/04/24,6145,4,22674,16,4,4.4,6.2,25.98
2014/04/24,6145,4,22869,71,2,1,1,25.98
2014/04/24,6145,4,23520,45,3,2.3,2.9,25.98
2014/04/24,6145,4,23787,24,9,3.5,3.6,25.98
2014/04/24,6145,4,23890,4,8,3.4,3.4,25.98
2014/04/24,6145,4,23935,1,5,2.5,2.5,25.98
2014/04/24,6145,4,23957,49,1,1.3,1.9,25.98
2014/04/24,6145,4,2400,63,15,5.9,5.9,25.98
2014/04/24,6145,4,24438,55,2,1.5,1.7,25.98
2014/04/24,6145,4,24903,25,3,1.8,2.1,25.98
2014/04/24,6145,4,25066,31,8,4.5,5.4,25.98
2014/04/24,6145,4,3235,64,11,4.4,4.4,25.98
2014/04/24,6145,4,3314,52,1,1,0.6,25.98
2014/04/24,6145,4,3346,51,4,1.6,1.7,25.98
2014/04/24,6145,4,402195,66,2,1,1,25.98
2014/04/24,6145,4,402200,33,2,2.6,3.8,25.98
2014/04/24,6145,4,449,76,5,2.5,2.5,25.98
2014/04/24,6145,4,479,29,1,1.3,1.9,25.98
2014/04/24,6145,4,51718,47,2,2,2.9,25.98
2014/04/24,6145,4,57766,62,1,1.3,1.9,25.98
2014/04/24,6145,4,58328,73,2,2.3,3.2,25.98
2014/04/24,6145,4,62970,61,3,2.5,2.9,25.98
2014/04/24,6145,4,62972,11,6,2.8,2.8,25.98
2014/04/24,6145,4,62979,23,3,3.6,5.1,25.98
2014/04/24,6145,4,62981,21,2,2,3,25.98
2014/04/24,6145,4,62988,59,5,3.6,4.5,25.98
2014/04/24,6145,4,62996,6,5,2.5,2.5,25.98
2014/04/24,6145,4,63006,3,14,6.9,7.6,25.98
2014/04/24,6145,4,63008,2,7,7.1,9.8,25.98
2014/04/24,6145,4,63067,28,4,1.6,1.6,25.98
2014/04/24,6145,4,63068,27,3,2,2,25.98
2014/04/24,6145,4,63734,34,1,1.3,1.9,25.98
2014/04/24,6145,4,65043,42,2,2.6,3.8,25.98
2014/04/24,6145,4,65051,50,1,1.3,1.9,25.98
2014/04/24,6145,4,65121,20,4,5.3,7.7,25.98
2014/04/24,6145,4,69136,19,36,30.5,37.4,25.98
2014/04/24,6145,4,69280,67,5,2.5,2.5,25.98
2014/04/24,6145,4,69302,30,1,1.3,1.9,25.98
2014/04/24,6145,4,71652,58,3,3.6,5.1,25.98
2014/04/24,6145,4,77114,7,2,2.6,3.8,25.98
2014/04/24,6145,4,78607,10,7,5.3,6.3,25.98
2014/04/24,6145,4,78615,22,4,2.8,3.4,25.98
2014/04/24,6145,4,78619,26,1,1.3,1.9,25.98
2014/04/24,6145,4,8862,75,3,1.5,1.7,25.98
2014/04/24,6145,4,92599,44,2,1.5,2.2,25.98
2014/04/24,6145,4,957241,9,3,3.1,4.3,25.98
2014/04/24,6145,4,957252,5,10,3.4,3.4,25.98
2014/04/24,6145,4,957511,12,5,2.5,2.5,25.98
2014/04/24,6145,4,957687,48,6,3.5,3.8,25.98
2014/04/24,6145,4,95891,46,3,3.6,5,25.98
2014/04/24,6145,4,971048,56,1,1.3,1.9,25.98
2014/04/24,6145,4,971316,53,1,1,1,25.98
2014/04/24,6145,4,97160,74,5,3.3,3.9,25.98
2014/04/24,6145,4,972376,70,3,3.9,5.7,25.98
2014/04/24,6145,4,972680,57,5,3,3.2,25.98
2014/04/24,6145,4,972869,32,7,4.8,5.7,25.98
2014/04/24,6149,4,10082,62,4,4.5,6.3,17.48
2014/04/24,6149,4,11765,27,2,1,1,17.48
2014/04/24,6149,4,13718,31,2,1,1,17.48
2014/04/24,6149,4,1399,45,5,3.3,4.3,17.48
2014/04/24,6149,4,15124,47,6,4.3,5.1,17.48
2014/04/24,6149,4,17495,53,3,3.9,5.7,17.48
2014/04/24,6149,4,17840,41,3,2.3,2.9,17.48
2014/04/24,6149,4,18416,39,7,6.1,13.8,17.48
2014/04/24,6149,4,18453,6,2,1,1,17.48
2014/04/24,6149,4,18628,60,1,1.3,1.9,17.48
2014/04/24,6149,4,18866,43,5,5.1,6.6,17.48
2014/04/24,6149,4,19146,37,1,1.3,1.9,17.48
2014/04/24,6149,4,21024,32,7,5.9,7.7,17.48
2014/04/24,6149,4,21154,38,3,2.3,2.9,17.48
2014/04/24,6149,4,2119,50,3,3.1,4.3,17.48
2014/04/24,6149,4,21419,3,1,1,1.2,17.48
2014/04/24,6149,4,21582,65,1,1.3,1.9,17.48
2014/04/24,6149,4,21594,46,3,3,3.9,17.48
2014/04/24,6149,4,22666,16,6,4.6,5.8,17.48
2014/04/24,6149,4,22757,52,3,3,2.9,17.48
2014/04/24,6149,4,22771,13,5,6.6,9.6,17.48
2014/04/24,6149,4,22910,23,1,1.3,1.9,17.48
2014/04/24,6149,4,23536,22,3,2.3,2.9,17.48
2014/04/24,6149,4,24032,63,2,2.3,3.1,17.48
2014/04/24,6149,4,24196,12,3,2.3,3.7,17.48
2014/04/24,6149,4,24411,68,2,2.6,3.8,17.48
2014/04/24,6149,4,24951,30,4,3.5,4.4,17.48
2014/04/24,6149,4,25057,33,3,2.3,2.9,17.48
2014/04/24,6149,4,2642,57,1,1,1.3,17.48
2014/04/24,6149,4,3422,56,5,5,6,17.48
2014/04/24,6149,4,53380,35,2,2,1.7,17.48
2014/04/24,6149,4,53381,19,2,1.8,2.4,17.48
2014/04/24,6149,4,61055,58,3,3.6,8,17.48
2014/04/24,6149,4,61104,64,3,3.6,5,17.48
2014/04/24,6149,4,61172,1,9,4.5,4.5,17.48
2014/04/24,6149,4,61195,8,6,5.6,7.2,17.48
2014/04/24,6149,4,61196,7,2,1,1,17.48
2014/04/24,6149,4,61198,5,4,3.6,5.6,17.48
2014/04/24,6149,4,61202,18,6,6.3,8.7,17.48
2014/04/24,6149,4,66378,20,3,2,1.6,17.48
2014/04/24,6149,4,66386,44,1,1.3,1.9,17.48
2014/04/24,6149,4,66388,34,7,5.2,7.4,17.48
2014/04/24,6149,4,66551,2,3,1.5,1.5,17.48
2014/04/24,6149,4,67043,15,11,4.7,4.7,17.48
2014/04/24,6149,4,71690,48,3,4,5.8,17.48
2014/04/24,6149,4,72373,51,4,3.6,4.8,17.48
2014/04/24,6149,4,72389,67,3,2.3,3.7,17.48
2014/04/24,6149,4,72391,66,4,3,3.5,17.48
2014/04/24,6149,4,72404,49,2,2.6,3.8,17.48
2014/04/24,6149,4,72405,40,1,1.3,1.9,17.48
2014/04/24,6149,4,75786,61,3,1.9,2.5,17.48
2014/04/24,6149,4,8873,26,2,1,1,17.48
2014/04/24,6149,4,899,4,1,1.3,1.9,17.48
2014/04/24,6149,4,92678,25,2,2.6,3.8,17.48
2014/04/24,6149,4,92818,36,4,3.8,4.8,17.48
2014/04/24,6149,4,93144,59,2,2.6,3.8,17.48
2014/04/24,6149,4,93251,9,5,4.9,6.7,17.48
2014/04/24,6149,4,957286,14,8,5.9,7,17.48
2014/04/24,6149,4,957425,55,7,7,10.1,17.48
2014/04/24,6149,4,957690,10,1,1.3,1.9,17.48
2014/04/24,6149,4,960198,11,7,5.3,7.2,17.48
2014/04/24,6149,4,962613,42,3,2.3,3.7,17.48
2014/04/24,6149,4,966729,54,3,3.3,4.4,17.48
2014/04/24,6149,4,971219,69,11,3.5,3.5,17.48
2014/04/24,6149,4,972021,24,5,4.3,11.4,17.48
2014/04/24,6149,4,972022,29,2,1.8,2.4,17.48
2014/04/24,6149,4,972833,17,10,5.5,5.8,17.48
2014/04/24,6149,4,97347,21,1,1.3,1.9,17.48
2014/04/24,6149,4,97348,28,2,1,1,17.48
