CD JUAREZ,36,29-Aug-11,400,73,73,0,0,73,224.83,214.33,100.00%,100.00%,95.33%,08:19,16:11
CD JUAREZ,36,29-Aug-11,403,51,50,0,1,50,197.25,189.5,98.04%,98.04%,96.07%,08:13,17:17
CD JUAREZ,36,29-Aug-11,406,81,81,0,0,81,307.25,298.5,100.00%,100.00%,97.15%,07:53,19:46
CD JUAREZ,36,29-Aug-11,407,87,87,0,0,87,200.75,194.25,100.00%,100.00%,96.76%,07:26,15:02
CD JUAREZ,36,29-Aug-11,408,108,107,0,1,103,353.83,312.33,99.07%,95.37%,88.27%,08:31,18:41
CD JUAREZ,36,29-Aug-11,409,51,51,0,0,51,248.5,229.75,100.00%,100.00%,92.45%,07:51,18:48
CD JUAREZ,36,29-Aug-11,411,94,94,0,0,94,218.5,174.5,100.00%,100.00%,79.86%,07:50,16:22
CD JUAREZ,36,29-Aug-11,412,65,65,0,0,63,171,155.75,100.00%,96.92%,91.08%,07:22,14:47
CD JUAREZ,36,29-Aug-11,413,65,64,1,0,64,281.75,264,98.46%,98.46%,93.70%,08:26,19:15
CD JUAREZ,36,29-Aug-11,414,97,97,0,0,96,311,300.75,100.00%,98.97%,96.70%,08:02,18:58
CD JUAREZ,36,29-Aug-11,418,89,89,0,0,88,304.25,283.75,100.00%,98.88%,93.26%,08:17,20:56
CD JUAREZ,36,29-Aug-11,419,83,83,0,0,83,303.5,282,100.00%,100.00%,92.92%,08:17,18:11
CD JUAREZ,36,29-Aug-11,420,69,69,0,0,69,157.75,146.75,100.00%,100.00%,93.03%,08:09,14:33
CD JUAREZ,36,29-Aug-11,424,83,83,0,0,83,243.5,233,100.00%,100.00%,95.69%,09:11,20:26
CD JUAREZ,36,29-Aug-11,425,74,74,0,0,74,221.5,218.75,100.00%,100.00%,98.76%,07:55,15:15
CD JUAREZ,36,29-Aug-11,500,5,5,0,0,4,866.5,822.5,100.00%,80.00%,94.92%,16:36,00:00
CD JUAREZ,36,29-Aug-11,505,5,5,0,0,5,364.5,364,100.00%,100.00%,99.86%,09:46,10:47
CD JUAREZ,36,29-Aug-11,510,17,17,0,0,17,204.75,204.75,100.00%,100.00%,100.00%,07:56,15:26
CD JUAREZ,36,29-Aug-11,511,22,22,0,0,22,375.5,373.5,100.00%,100.00%,99.47%,08:29,18:33
CD JUAREZ,36,29-Aug-11,512,16,16,0,0,16,261.5,261,100.00%,100.00%,99.81%,08:51,15:47
CD JUAREZ,36,30-Aug-11,400,110,110,0,0,110,310.33,279,100.00%,100.00%,89.90%,08:51,20:54
CD JUAREZ,36,30-Aug-11,403,40,39,0,1,39,120.75,116.25,97.50%,97.50%,96.27%,09:30,16:34
CD JUAREZ,36,30-Aug-11,406,90,90,0,0,90,412.75,391.25,100.00%,100.00%,94.79%,08:52,20:21
CD JUAREZ,36,30-Aug-11,407,104,104,0,0,104,281.75,263.5,100.00%,100.00%,93.52%,09:11,19:18
CD JUAREZ,36,30-Aug-11,408,107,107,0,0,106,267,259.75,100.00%,99.07%,97.28%,09:06,19:05
CD JUAREZ,36,30-Aug-11,409,49,49,0,0,49,192.5,184,100.00%,100.00%,95.58%,08:06,15:44
CD JUAREZ,36,30-Aug-11,411,96,96,0,0,95,395.5,367.75,100.00%,98.96%,92.98%,09:14,20:47
CD JUAREZ,36,30-Aug-11,412,89,89,0,0,89,248.25,239.25,100.00%,100.00%,96.37%,09:46,17:21
CD JUAREZ,36,30-Aug-11,413,94,94,0,0,94,244.83,205.5,100.00%,100.00%,83.94%,09:01,19:25
CD JUAREZ,36,30-Aug-11,414,106,106,0,0,106,300.25,290.25,100.00%,100.00%,96.67%,09:20,20:00
CD JUAREZ,36,30-Aug-11,418,81,81,0,0,81,276.25,273.75,100.00%,100.00%,99.10%,09:10,19:14
CD JUAREZ,36,30-Aug-11,419,94,94,0,0,94,305.25,294.92,100.00%,100.00%,96.62%,08:29,19:42
CD JUAREZ,36,30-Aug-11,420,88,88,0,0,88,332.5,317,100.00%,100.00%,95.34%,09:27,19:51
CD JUAREZ,36,30-Aug-11,424,86,86,0,0,86,323.25,293,100.00%,100.00%,90.64%,09:28,19:47
CD JUAREZ,36,30-Aug-11,425,83,83,0,0,83,275.58,263.08,100.00%,100.00%,95.46%,09:39,17:59
CD JUAREZ,36,30-Aug-11,500,4,4,0,0,3,936.33,787.92,100.00%,75.00%,84.15%,19:10,19:23
CD JUAREZ,36,30-Aug-11,505,5,5,0,0,5,504.42,501.75,100.00%,100.00%,99.47%,09:53,13:50
CD JUAREZ,36,30-Aug-11,510,16,16,0,0,16,591,588.5,100.00%,100.00%,99.58%,09:14,19:21
CD JUAREZ,36,30-Aug-11,511,24,24,0,0,24,565.42,555.42,100.00%,100.00%,98.23%,08:18,19:32
CD JUAREZ,36,30-Aug-11,512,20,20,0,0,20,449.92,443.5,100.00%,100.00%,98.57%,08:06,17:56
CD JUAREZ,36,31-Aug-11,400,73,73,0,0,73,259.75,239,100.00%,100.00%,92.01%,08:18,18:10
CD JUAREZ,36,31-Aug-11,403,58,57,0,1,57,279.58,270.83,98.28%,98.28%,96.87%,08:10,17:39
CD JUAREZ,36,31-Aug-11,406,88,88,0,0,88,293,285.75,100.00%,100.00%,97.53%,07:54,17:51
CD JUAREZ,36,31-Aug-11,407,80,80,0,0,80,177.92,176.42,100.00%,100.00%,99.16%,07:30,15:07
CD JUAREZ,36,31-Aug-11,408,83,83,0,0,83,276.25,249.75,100.00%,100.00%,90.41%,08:14,20:55
CD JUAREZ,36,31-Aug-11,409,42,42,0,0,42,251.75,248.75,100.00%,100.00%,98.81%,08:30,19:34
CD JUAREZ,36,31-Aug-11,411,91,91,0,0,91,217.75,203.25,100.00%,100.00%,93.34%,08:09,15:57
CD JUAREZ,36,31-Aug-11,412,82,82,0,0,82,210.58,202.08,100.00%,100.00%,95.96%,07:36,16:41
CD JUAREZ,36,31-Aug-11,413,63,63,0,0,63,374.25,346.75,100.00%,100.00%,92.65%,08:25,19:20
CD JUAREZ,36,31-Aug-11,414,103,103,0,0,103,317.25,316.25,100.00%,100.00%,99.68%,07:47,19:06
CD JUAREZ,36,31-Aug-11,418,85,85,0,0,85,253.5,244.5,100.00%,100.00%,96.45%,08:54,20:28
CD JUAREZ,36,31-Aug-11,419,85,85,0,0,85,262.33,256.75,100.00%,100.00%,97.87%,08:16,18:32
CD JUAREZ,36,31-Aug-11,420,82,82,0,0,82,221.58,205.58,100.00%,100.00%,92.78%,07:57,17:16
CD JUAREZ,36,31-Aug-11,424,105,105,0,0,104,309.75,276.5,100.00%,99.05%,89.27%,09:04,19:14
CD JUAREZ,36,31-Aug-11,425,68,68,0,0,67,260.75,248.25,100.00%,98.53%,95.21%,08:35,15:58
CD JUAREZ,36,31-Aug-11,500,4,4,0,0,4,309.5,417.5,100.00%,100.00%,134.89%,16:00,16:15
CD JUAREZ,36,31-Aug-11,505,5,5,0,0,5,413.83,393.5,100.00%,100.00%,95.09%,08:00,12:57
CD JUAREZ,36,31-Aug-11,510,19,19,0,0,19,296.75,294.75,100.00%,100.00%,99.33%,08:09,17:29
CD JUAREZ,36,31-Aug-11,511,18,18,0,0,18,304.83,302.5,100.00%,100.00%,99.24%,07:53,16:27
CD JUAREZ,36,31-Aug-11,512,21,21,0,0,21,531,520,100.00%,100.00%,97.93%,08:25,18:07
CD JUAREZ,36,01-sep-11,400,87,87,0,0,87,196.25,181.75,100.00%,100.00%,92.61%,07:37,17:01
CD JUAREZ,36,01-sep-11,403,38,38,0,0,38,114.83,109.33,100.00%,100.00%,95.21%,08:08,14:09
CD JUAREZ,36,01-sep-11,406,75,75,0,0,75,360.83,347.33,100.00%,100.00%,96.26%,07:51,19:25
CD JUAREZ,36,01-sep-11,407,80,80,0,0,80,225.75,207.75,100.00%,100.00%,92.03%,08:19,17:45
CD JUAREZ,36,01-sep-11,408,95,94,0,1,94,231.25,208.25,98.95%,98.95%,90.05%,07:46,17:50
CD JUAREZ,36,01-sep-11,409,61,61,0,0,61,273.5,271.75,100.00%,100.00%,99.36%,08:20,18:11
CD JUAREZ,36,01-sep-11,411,79,79,0,0,79,258.75,249.25,100.00%,100.00%,96.33%,08:04,18:45
CD JUAREZ,36,01-sep-11,412,76,76,0,0,76,179.58,176.08,100.00%,100.00%,98.05%,08:33,14:54
CD JUAREZ,36,01-sep-11,413,72,72,0,0,72,174,167,100.00%,100.00%,95.98%,07:36,15:52
CD JUAREZ,36,01-sep-11,414,93,93,0,0,93,201.92,200.42,100.00%,100.00%,99.26%,08:03,17:50
CD JUAREZ,36,01-sep-11,418,79,79,0,0,79,190.75,186.25,100.00%,100.00%,97.64%,08:16,19:56
CD JUAREZ,36,01-sep-11,419,90,90,0,0,90,244.17,235.83,100.00%,100.00%,96.58%,07:40,18:30
CD JUAREZ,36,01-sep-11,420,87,87,0,0,87,263,251,100.00%,100.00%,95.44%,08:32,18:41
CD JUAREZ,36,01-sep-11,424,66,66,0,0,65,252.33,234.58,100.00%,98.48%,92.97%,08:10,17:43
CD JUAREZ,36,01-sep-11,425,81,81,0,0,80,197.83,185.58,100.00%,98.77%,93.81%,07:26,16:55
CD JUAREZ,36,01-sep-11,500,3,3,0,0,3,556,539.5,100.00%,100.00%,97.03%,16:45,16:51
CD JUAREZ,36,01-sep-11,505,3,3,0,0,3,88.5,84.25,100.00%,100.00%,95.20%,07:36,13:55
CD JUAREZ,36,01-sep-11,510,22,22,0,0,22,517.75,513.25,100.00%,100.00%,99.13%,08:15,19:20
CD JUAREZ,36,01-sep-11,511,27,27,0,0,27,673.83,668.17,100.00%,100.00%,99.16%,08:14,17:31
CD JUAREZ,36,01-sep-11,512,20,20,0,0,19,317.75,304.25,100.00%,95.00%,95.75%,08:06,15:58
CD JUAREZ,36,02-sep-11,400,82,82,0,0,82,242.5,229.25,100.00%,100.00%,94.54%,08:43,18:34
CD JUAREZ,36,02-sep-11,403,56,55,0,1,54,280.58,267.58,98.21%,96.43%,95.37%,08:55,19:32
CD JUAREZ,36,02-sep-11,406,92,92,0,0,92,298.75,285.25,100.00%,100.00%,95.48%,08:37,18:18
CD JUAREZ,36,02-sep-11,407,82,82,0,0,82,186.75,168.5,100.00%,100.00%,90.23%,08:29,19:44
CD JUAREZ,36,02-sep-11,408,96,95,0,1,94,332.08,317.58,98.96%,97.92%,95.63%,08:43,18:27
CD JUAREZ,36,02-sep-11,409,46,46,0,0,46,264,256.75,100.00%,100.00%,97.25%,08:34,19:08
CD JUAREZ,36,02-sep-11,411,93,93,0,0,93,209.75,190.75,100.00%,100.00%,90.94%,08:23,17:04
CD JUAREZ,36,02-sep-11,412,82,82,0,0,82,229.75,221,100.00%,100.00%,96.19%,07:42,17:42
CD JUAREZ,36,02-sep-11,413,77,76,1,0,75,399,374,98.70%,97.40%,93.73%,08:43,19:12
CD JUAREZ,36,02-sep-11,414,88,88,0,0,88,366.58,363.08,100.00%,100.00%,99.05%,08:25,19:10
CD JUAREZ,36,02-sep-11,418,89,89,0,0,89,267.08,258,100.00%,100.00%,96.60%,08:38,19:31
CD JUAREZ,36,02-sep-11,419,93,93,0,0,93,280.33,262.75,100.00%,100.00%,93.73%,09:05,19:22
CD JUAREZ,36,02-sep-11,420,84,84,0,0,84,181.33,173.33,100.00%,100.00%,95.59%,08:49,17:47
CD JUAREZ,36,02-sep-11,424,103,103,0,0,103,286.25,262.25,100.00%,100.00%,91.62%,08:53,20:25
CD JUAREZ,36,02-sep-11,425,84,84,0,0,84,303.33,298.33,100.00%,100.00%,98.35%,08:37,16:48
CD JUAREZ,36,02-sep-11,500,6,6,0,0,6,574,569.25,100.00%,100.00%,99.17%,08:53,16:20
CD JUAREZ,36,02-sep-11,505,6,6,0,0,5,686.5,394,100.00%,83.33%,57.39%,09:49,13:57
CD JUAREZ,36,02-sep-11,510,18,18,0,0,18,287.75,283,100.00%,100.00%,98.35%,08:57,16:29
CD JUAREZ,36,02-sep-11,511,21,21,0,0,21,561.92,555.67,100.00%,100.00%,98.89%,08:53,19:39
CD JUAREZ,36,02-sep-11,512,18,18,0,0,17,289.75,260.25,100.00%,94.44%,89.82%,09:15,15:23
CD JUAREZ,36,03-sep-11,400,109,109,0,0,109,313.17,299.17,100.00%,100.00%,95.53%,08:05,20:23
CD JUAREZ,36,03-sep-11,403,38,38,0,0,38,185.75,182.25,100.00%,100.00%,98.12%,09:00,17:06
CD JUAREZ,36,03-sep-11,406,57,57,0,0,57,287.5,280,100.00%,100.00%,97.39%,07:51,16:16
CD JUAREZ,36,03-sep-11,407,76,76,0,0,75,233.5,216.5,100.00%,98.68%,92.72%,08:35,19:22
CD JUAREZ,36,03-sep-11,408,110,109,0,1,109,304.75,297,99.09%,99.09%,97.46%,08:05,18:17
CD JUAREZ,36,03-sep-11,409,63,63,0,0,63,279.58,270.58,100.00%,100.00%,96.78%,08:08,18:26
CD JUAREZ,36,03-sep-11,411,89,89,0,0,89,307.5,288.25,100.00%,100.00%,93.74%,08:31,19:44
CD JUAREZ,36,03-sep-11,412,81,81,0,0,81,220.75,218.25,100.00%,100.00%,98.87%,08:56,15:35
CD JUAREZ,36,03-sep-11,413,103,103,0,0,103,263,245.75,100.00%,100.00%,93.44%,08:50,17:19
CD JUAREZ,36,03-sep-11,414,106,106,0,0,105,337.25,327.75,100.00%,99.06%,97.18%,08:41,19:29
CD JUAREZ,36,03-sep-11,418,84,84,0,0,84,211.75,205.25,100.00%,100.00%,96.93%,07:39,16:25
CD JUAREZ,36,03-sep-11,419,88,88,0,0,87,251.5,222,100.00%,98.86%,88.27%,09:08,20:52
CD JUAREZ,36,03-sep-11,420,83,83,0,0,83,282.25,265.25,100.00%,100.00%,93.98%,08:47,19:12
CD JUAREZ,36,03-sep-11,424,86,86,0,0,86,263.5,246.75,100.00%,100.00%,93.64%,08:32,19:47
CD JUAREZ,36,03-sep-11,425,82,82,0,0,82,236.25,215.25,100.00%,100.00%,91.11%,08:29,18:03
CD JUAREZ,36,03-sep-11,500,4,4,0,0,3,832.5,538.5,100.00%,75.00%,64.68%,08:41,15:18
CD JUAREZ,36,03-sep-11,505,5,5,0,0,5,303.5,303.5,100.00%,100.00%,100.00%,08:22,13:34
CD JUAREZ,36,03-sep-12,400,71,70,0,1,70,186.33,176.17,98.59%,98.59%,94.55%,08:59,14:24
CD JUAREZ,36,03-sep-12,403,56,55,1,0,55,183.17,176.58,98.21%,98.21%,96.40%,08:43,17:47
CD JUAREZ,36,03-sep-12,406,66,66,0,0,66,192.58,188.58,100.00%,100.00%,97.92%,09:14,15:54
CD JUAREZ,36,03-sep-12,407,107,107,0,0,107,259.75,255.08,100.00%,100.00%,98.20%,08:50,18:43
CD JUAREZ,36,03-sep-12,408,69,69,0,0,69,201.92,193.67,100.00%,100.00%,95.91%,08:19,14:14
CD JUAREZ,36,03-sep-12,409,37,37,0,0,37,192.33,185.83,100.00%,100.00%,96.62%,09:37,15:12
CD JUAREZ,36,03-sep-12,411,73,73,0,0,73,181.92,183.42,100.00%,100.00%,100.82%,08:50,16:04
CD JUAREZ,36,03-sep-12,412,73,73,0,0,70,229.75,201.33,100.00%,95.89%,87.63%,12:17,20:14
CD JUAREZ,36,03-sep-12,413,39,39,0,0,37,268.5,236.5,100.00%,94.87%,88.08%,08:23,15:38
CD JUAREZ,36,03-sep-12,414,70,70,0,0,70,334.42,330.42,100.00%,100.00%,98.80%,08:24,16:18
CD JUAREZ,36,03-sep-12,418,64,64,0,0,64,188.17,177.17,100.00%,100.00%,94.15%,08:29,16:38
CD JUAREZ,36,03-sep-12,419,83,83,0,0,79,311.33,294.42,100.00%,95.18%,94.57%,08:03,18:59
CD JUAREZ,36,03-sep-12,420,85,85,0,0,85,214.83,207.83,100.00%,100.00%,96.74%,10:43,21:19
CD JUAREZ,36,03-sep-12,424,61,61,0,0,61,203.75,204.33,100.00%,100.00%,100.28%,09:46,16:44
CD JUAREZ,36,03-sep-12,425,70,70,0,0,70,191.75,190.42,100.00%,100.00%,99.31%,10:01,17:27
CD JUAREZ,36,03-sep-12,426,51,51,0,0,49,296.33,287.83,100.00%,96.08%,97.13%,09:28,16:26
CD JUAREZ,36,03-sep-12,500,3,3,0,0,3,543.16,539.5,100.00%,100.00%,99.33%,08:44,14:05
CD JUAREZ,36,03-sep-12,505,2,2,0,0,2,209,199.5,100.00%,100.00%,95.45%,08:42,11:13
CD JUAREZ,36,03-sep-12,510,10,10,0,0,10,157.25,154.75,100.00%,100.00%,98.41%,10:04,15:00
CD JUAREZ,36,03-sep-12,511,16,16,0,0,16,278.92,273.08,100.00%,100.00%,97.91%,09:05,16:17
CD JUAREZ,36,03-sep-12,512,12,12,0,0,12,212,212,100.00%,100.00%,100.00%,09:44,14:30
CD JUAREZ,36,03-sep-12,520,15,15,0,0,15,226.92,223.17,100.00%,100.00%,98.35%,09:04,15:16
CD JUAREZ,36,04-sep-12,400,79,79,0,0,79,269.75,267.75,100.00%,100.00%,99.26%,08:19,17:10
CD JUAREZ,36,04-sep-12,403,40,40,0,0,39,121.58,117.33,100.00%,97.50%,96.50%,09:07,14:16
CD JUAREZ,36,04-sep-12,406,73,73,0,0,72,479,452.75,100.00%,98.63%,94.52%,08:13,18:55
CD JUAREZ,36,04-sep-12,407,103,103,0,0,103,335.58,330.92,100.00%,100.00%,98.61%,08:28,18:08
CD JUAREZ,36,04-sep-12,408,84,84,0,0,84,230.5,228,100.00%,100.00%,98.92%,08:15,17:30
CD JUAREZ,36,04-sep-12,409,51,51,0,0,51,242.25,242,100.00%,100.00%,99.90%,08:36,18:08
CD JUAREZ,36,04-sep-12,411,84,84,0,0,83,337.33,333.42,100.00%,98.81%,98.84%,09:03,20:32
CD JUAREZ,36,04-sep-12,412,91,91,0,0,91,275.5,273.75,100.00%,100.00%,99.36%,09:07,18:58
CD JUAREZ,36,04-sep-12,413,81,81,0,0,80,271.08,252.25,100.00%,98.77%,93.05%,08:27,16:24
CD JUAREZ,36,04-sep-12,414,101,101,0,0,100,280.42,272.5,100.00%,99.01%,97.18%,08:08,16:40
CD JUAREZ,36,04-sep-12,418,93,93,0,0,93,347,331.67,100.00%,100.00%,95.58%,09:28,19:29
CD JUAREZ,36,04-sep-12,419,88,87,1,0,80,255.08,245.92,98.86%,90.91%,96.41%,08:55,18:58
CD JUAREZ,36,04-sep-12,420,104,104,0,0,101,307.25,276.92,100.00%,97.12%,90.13%,09:24,18:26
CD JUAREZ,36,04-sep-12,424,79,78,1,0,77,404.25,396,98.73%,97.47%,97.96%,10:22,19:20
CD JUAREZ,36,04-sep-12,425,79,79,0,0,77,273,260.58,100.00%,97.47%,95.45%,08:36,18:37
CD JUAREZ,36,04-sep-12,426,105,105,0,0,104,248.5,234.42,100.00%,99.05%,94.33%,09:09,20:03
CD JUAREZ,36,04-sep-12,500,3,3,0,0,3,705.5,681.5,100.00%,100.00%,96.60%,09:59,15:24
CD JUAREZ,36,04-sep-12,505,5,5,0,0,5,532.17,439.67,100.00%,100.00%,82.62%,12:19,15:22
CD JUAREZ,36,04-sep-12,510,17,17,0,0,17,461.08,458.33,100.00%,100.00%,99.40%,09:11,17:49
CD JUAREZ,36,04-sep-12,511,23,23,0,0,23,536.92,531.92,100.00%,100.00%,99.07%,09:17,19:23
CD JUAREZ,36,04-sep-12,512,25,25,0,0,25,433.67,417.58,100.00%,100.00%,96.29%,09:13,17:52
CD JUAREZ,36,04-sep-12,520,17,17,0,0,17,377.08,373.33,100.00%,100.00%,99.01%,09:10,17:27
CD JUAREZ,36,05-sep-12,400,100,100,0,0,98,274.92,255.92,100.00%,98.00%,93.09%,09:28,20:51
CD JUAREZ,36,05-sep-12,403,74,74,0,0,65,249.75,218,100.00%,87.84%,87.29%,09:06,22:32
CD JUAREZ,36,05-sep-12,406,96,96,0,0,96,287.17,287.17,100.00%,100.00%,100.00%,08:10,15:52
CD JUAREZ,36,05-sep-12,407,132,132,0,0,132,337.58,329,100.00%,100.00%,97.46%,08:42,19:14
CD JUAREZ,36,05-sep-12,408,102,102,0,0,102,311.75,293.92,100.00%,100.00%,94.28%,08:24,18:10
CD JUAREZ,36,05-sep-12,409,42,41,1,0,41,324.67,320.67,97.62%,97.62%,98.77%,09:48,20:12
CD JUAREZ,36,05-sep-12,411,115,115,0,0,115,283.17,249.33,100.00%,100.00%,88.05%,09:08,18:44
CD JUAREZ,36,05-sep-12,412,105,103,0,2,101,370.25,330.83,98.10%,96.19%,89.35%,07:55,19:18
CD JUAREZ,36,05-sep-12,413,70,69,1,0,69,360.42,339.92,98.57%,98.57%,94.31%,08:17,19:07
CD JUAREZ,36,05-sep-12,414,81,81,0,0,79,255,249,100.00%,97.53%,97.65%,08:00,15:47
CD JUAREZ,36,05-sep-12,418,111,111,0,0,111,399.67,377.92,100.00%,100.00%,94.56%,09:55,21:03
CD JUAREZ,36,05-sep-12,419,87,87,0,0,81,293.08,278.83,100.00%,93.10%,95.14%,09:42,19:20
CD JUAREZ,36,05-sep-12,420,133,133,0,0,129,297.5,287.75,100.00%,96.99%,96.72%,09:08,20:14
CD JUAREZ,36,05-sep-12,424,115,115,0,0,114,318.83,313.42,100.00%,99.13%,98.30%,09:33,20:18
CD JUAREZ,36,05-sep-12,425,90,90,0,0,88,232.08,215.42,100.00%,97.78%,92.82%,08:03,17:16
CD JUAREZ,36,05-sep-12,426,85,85,0,0,82,336.92,328.42,100.00%,96.47%,97.48%,09:15,21:54
CD JUAREZ,36,05-sep-12,500,5,5,0,0,5,512.42,557.92,100.00%,100.00%,108.88%,08:35,15:36
CD JUAREZ,36,05-sep-12,505,5,5,0,0,4,684.5,618,100.00%,80.00%,90.28%,11:15,16:30
CD JUAREZ,36,05-sep-12,510,16,16,0,0,16,303,284.5,100.00%,100.00%,93.89%,08:46,15:43
CD JUAREZ,36,05-sep-12,511,8,8,0,0,8,190.25,188,100.00%,100.00%,98.82%,07:47,15:01
CD JUAREZ,36,05-sep-12,512,15,15,0,0,15,412.42,403.92,100.00%,100.00%,97.94%,08:39,15:41
CD JUAREZ,36,05-sep-12,520,16,16,0,0,16,341.33,330.83,100.00%,100.00%,96.92%,09:42,17:53
CD JUAREZ,36,06-sep-12,400,68,67,0,1,66,141.67,138,98.53%,97.06%,97.41%,08:18,15:26
CD JUAREZ,36,06-sep-12,403,42,42,0,0,42,115.83,105.17,100.00%,100.00%,90.80%,09:04,16:04
CD JUAREZ,36,06-sep-12,406,69,69,0,0,68,441.67,425.42,100.00%,98.55%,96.32%,08:14,17:44
CD JUAREZ,36,06-sep-12,407,106,106,0,0,106,276.25,269,100.00%,100.00%,97.38%,08:03,19:58
CD JUAREZ,36,06-sep-12,408,75,75,0,0,75,161.83,145.58,100.00%,100.00%,89.96%,08:35,16:00
CD JUAREZ,36,06-sep-12,409,54,54,0,0,54,320.83,316.33,100.00%,100.00%,98.60%,08:32,17:24
CD JUAREZ,36,06-sep-12,411,83,83,0,0,83,284,241.17,100.00%,100.00%,84.92%,08:38,19:48
CD JUAREZ,36,06-sep-12,412,91,89,0,2,88,239.25,231,97.80%,96.70%,96.55%,09:58,20:03
CD JUAREZ,36,06-sep-12,413,85,85,0,0,85,227.75,214.25,100.00%,100.00%,94.07%,08:52,15:28
CD JUAREZ,36,06-sep-12,414,84,84,0,0,84,215,207.42,100.00%,100.00%,96.47%,07:54,15:58
CD JUAREZ,36,06-sep-12,418,98,98,0,0,98,261.33,250.25,100.00%,100.00%,95.76%,09:17,17:48
CD JUAREZ,36,06-sep-12,419,81,80,1,0,77,264.42,250.75,98.77%,95.06%,94.83%,09:03,17:54
CD JUAREZ,36,06-sep-12,420,108,108,0,0,107,334.08,311.75,100.00%,99.07%,93.32%,07:58,20:12
CD JUAREZ,36,06-sep-12,424,87,87,0,0,82,425.75,393.5,100.00%,94.25%,92.43%,09:14,21:45
CD JUAREZ,36,06-sep-12,425,82,82,0,0,81,241.75,239.42,100.00%,98.78%,99.04%,08:37,17:45
CD JUAREZ,36,06-sep-12,426,91,91,0,0,91,209.92,185.92,100.00%,100.00%,88.57%,07:47,20:01
CD JUAREZ,36,06-sep-12,500,6,6,0,0,6,1710.5,1648,100.00%,100.00%,96.35%,09:08,15:34
CD JUAREZ,36,06-sep-12,505,3,3,0,0,3,162,153.5,100.00%,100.00%,94.75%,09:41,12:01
CD JUAREZ,36,06-sep-12,510,20,20,0,0,20,434.25,432.5,100.00%,100.00%,99.60%,09:17,16:11
CD JUAREZ,36,06-sep-12,511,15,15,0,0,15,281.5,226.75,100.00%,100.00%,80.55%,09:02,15:49
CD JUAREZ,36,06-sep-12,512,14,14,0,0,14,206.67,189.17,100.00%,100.00%,91.53%,09:18,16:14
CD JUAREZ,36,06-sep-12,520,17,17,0,0,17,278.5,240.75,100.00%,100.00%,86.45%,09:06,16:24
CD JUAREZ,36,07-sep-12,400,83,83,0,0,82,252.16,241.75,100.00%,98.80%,95.87%,08:57,17:30
CD JUAREZ,36,07-sep-12,403,63,63,0,0,59,230.58,227.08,100.00%,93.65%,98.48%,08:51,19:31
CD JUAREZ,36,07-sep-12,406,73,73,0,0,72,282.58,271.33,100.00%,98.63%,96.02%,08:17,18:52
CD JUAREZ,36,07-sep-12,407,112,112,0,0,112,310.08,310.08,100.00%,100.00%,100.00%,08:24,19:02
CD JUAREZ,36,07-sep-12,408,88,88,0,0,88,263.58,254.08,100.00%,100.00%,96.40%,08:25,16:33
CD JUAREZ,36,07-sep-12,409,38,38,0,0,38,202.33,200.08,100.00%,100.00%,98.89%,09:07,15:02
CD JUAREZ,36,07-sep-12,411,72,72,0,0,72,190.92,186.83,100.00%,100.00%,97.86%,08:58,17:41
CD JUAREZ,36,07-sep-12,412,77,76,1,0,75,291.33,275.92,98.70%,97.40%,94.71%,08:08,18:45
CD JUAREZ,36,07-sep-12,413,55,55,0,0,53,396.75,377.92,100.00%,96.36%,95.25%,07:53,19:24
CD JUAREZ,36,07-sep-12,414,61,61,0,0,61,315.67,308.83,100.00%,100.00%,97.83%,08:13,15:34
CD JUAREZ,36,07-sep-12,418,76,76,0,0,75,244.92,231.42,100.00%,98.68%,94.49%,08:21,18:56
CD JUAREZ,36,07-sep-12,419,91,91,0,0,89,266.33,260.58,100.00%,97.80%,97.84%,08:10,19:08
CD JUAREZ,36,07-sep-12,420,104,104,0,0,103,251.83,246.33,100.00%,99.04%,97.82%,08:12,20:50
CD JUAREZ,36,07-sep-12,424,84,84,0,0,84,302.33,301.83,100.00%,100.00%,99.83%,12:07,20:31
CD JUAREZ,36,07-sep-12,425,85,85,0,0,85,237,235,100.00%,100.00%,99.16%,08:37,18:03
CD JUAREZ,36,07-sep-12,426,69,69,0,0,68,366.5,355.25,100.00%,98.55%,96.93%,09:13,20:58
CD JUAREZ,36,07-sep-12,500,3,3,0,0,3,623.5,650.5,100.00%,100.00%,104.33%,08:54,13:02
CD JUAREZ,36,07-sep-12,505,6,6,0,0,6,621,607.25,100.00%,100.00%,97.79%,10:35,15:45
CD JUAREZ,36,07-sep-12,510,12,12,0,0,12,311.67,295.83,100.00%,100.00%,94.92%,08:08,14:18
CD JUAREZ,36,07-sep-12,511,15,15,0,0,15,273.25,262.25,100.00%,100.00%,95.97%,08:21,14:11
CD JUAREZ,36,07-sep-12,512,17,17,0,0,17,303,299.5,100.00%,100.00%,98.84%,08:23,16:12
CD JUAREZ,36,07-sep-12,520,12,12,0,0,12,217.67,195.17,100.00%,100.00%,89.66%,08:10,13:10
CD JUAREZ,36,08-sep-12,400,72,72,0,0,71,225.5,215.5,100.00%,98.61%,95.57%,08:59,17:04
CD JUAREZ,36,08-sep-12,403,50,50,0,0,50,122.25,118.92,100.00%,100.00%,97.28%,08:49,16:59
CD JUAREZ,36,08-sep-12,406,50,50,0,0,50,440.75,415.25,100.00%,100.00%,94.21%,08:16,16:40
CD JUAREZ,36,08-sep-12,407,91,91,0,0,90,260.83,251.92,100.00%,98.90%,96.58%,08:14,19:47
CD JUAREZ,36,08-sep-12,408,84,84,0,0,84,242.58,239.08,100.00%,100.00%,98.56%,08:08,17:33
CD JUAREZ,36,08-sep-12,409,49,49,0,0,49,229.33,227.83,100.00%,100.00%,99.35%,08:41,18:15
CD JUAREZ,36,08-sep-12,411,68,68,0,0,68,257.58,238.58,100.00%,100.00%,92.62%,09:03,20:26
CD JUAREZ,36,08-sep-12,412,82,82,0,0,78,204,189,100.00%,95.12%,92.65%,09:41,17:35
CD JUAREZ,36,08-sep-12,413,79,78,0,1,78,262.92,256.58,98.73%,98.73%,97.59%,08:32,16:13
CD JUAREZ,36,08-sep-12,414,98,98,0,0,98,298,285.5,100.00%,100.00%,95.81%,07:59,17:06
CD JUAREZ,36,08-sep-12,418,87,87,0,0,87,229.75,215.92,100.00%,100.00%,93.98%,08:15,16:53
CD JUAREZ,36,08-sep-12,419,100,100,0,0,95,379.25,358.92,100.00%,95.00%,94.64%,08:36,18:46
CD JUAREZ,36,08-sep-12,420,91,91,0,0,90,288.92,278.67,100.00%,98.90%,96.45%,08:18,18:50
CD JUAREZ,36,08-sep-12,424,86,86,0,0,85,384.58,373.92,100.00%,98.84%,97.23%,09:11,20:05
CD JUAREZ,36,08-sep-12,425,68,68,0,0,67,211.75,207.75,100.00%,98.53%,98.11%,08:12,16:22
CD JUAREZ,36,08-sep-12,426,88,88,0,0,85,224.67,211.42,100.00%,96.59%,94.10%,08:38,19:28
CD JUAREZ,36,08-sep-12,500,5,5,0,0,4,1104.33,982.5,100.00%,80.00%,88.97%,09:09,16:01
CD JUAREZ,36,08-sep-12,505,5,5,0,0,5,761.33,664.67,100.00%,100.00%,87.30%,10:18,14:47
CD JUAREZ,36,08-sep-12,510,10,10,0,0,10,118,116,100.00%,100.00%,98.31%,08:57,12:47
CD JUAREZ,36,08-sep-12,511,9,9,0,0,9,93.67,93.67,100.00%,100.00%,100.00%,09:41,12:30
CD JUAREZ,36,08-sep-12,512,9,9,0,0,9,120.75,114.25,100.00%,100.00%,94.62%,08:35,12:16
CD JUAREZ,36,08-sep-12,520,8,8,0,0,8,49.17,49.17,100.00%,100.00%,100.00%,09:13,11:19
CD JUAREZ,36,02-sep-13,400,47,47,0,0,47,209.5,206.5,100.00%,100.00%,98.57%,08:06,16:48
CD JUAREZ,36,02-sep-13,403,65,65,0,0,65,290.83,290.33,100.00%,100.00%,99.83%,09:12,20:06
CD JUAREZ,36,02-sep-13,406,87,87,0,0,85,322.17,314.17,100.00%,97.70%,97.52%,08:28,19:54
CD JUAREZ,36,02-sep-13,407,87,87,0,0,84,262.33,257.91,100.00%,96.55%,98.32%,07:59,17:21
CD JUAREZ,36,02-sep-13,408,86,86,0,0,86,341.33,341,100.00%,100.00%,99.90%,09:05,17:05
CD JUAREZ,36,02-sep-13,409,25,25,0,0,25,150.5,154,100.00%,100.00%,102.33%,09:55,15:58
CD JUAREZ,36,02-sep-13,411,87,87,0,0,87,260,235.08,100.00%,100.00%,90.42%,08:25,18:55
CD JUAREZ,36,02-sep-13,412,80,80,0,0,79,383.42,361.42,100.00%,98.75%,94.26%,07:47,21:19
CD JUAREZ,36,02-sep-13,413,37,37,0,0,35,378,345.5,100.00%,94.59%,91.40%,08:19,17:38
CD JUAREZ,36,02-sep-13,414,59,59,0,0,59,383.92,381.08,100.00%,100.00%,99.26%,07:58,18:43
CD JUAREZ,36,02-sep-13,419,80,80,0,0,80,252.83,248.83,100.00%,100.00%,98.42%,09:22,16:45
CD JUAREZ,36,02-sep-13,420,91,90,1,0,90,294.66,277.41,98.90%,98.90%,94.15%,08:31,17:12
CD JUAREZ,36,02-sep-13,424,84,84,0,0,84,269.25,264.41,100.00%,100.00%,98.20%,09:08,19:31
CD JUAREZ,36,02-sep-13,425,88,88,0,0,88,275.33,263.33,100.00%,100.00%,95.64%,08:44,20:08
CD JUAREZ,36,02-sep-13,426,90,90,0,0,90,336.17,328.5,100.00%,100.00%,97.72%,08:36,18:51
CD JUAREZ,36,02-sep-13,428,17,17,0,0,17,612.25,612.25,100.00%,100.00%,100.00%,08:41,18:55
CD JUAREZ,36,02-sep-13,500,4,4,0,0,4,348.25,345.75,100.00%,100.00%,99.28%,08:29,15:17
CD JUAREZ,36,02-sep-13,505,4,4,0,0,4,344.67,344.67,100.00%,100.00%,100.00%,09:19,17:01
CD JUAREZ,36,02-sep-13,510,17,17,0,0,16,224.42,211.5,100.00%,94.12%,94.24%,08:45,15:35
CD JUAREZ,36,02-sep-13,511,17,17,0,0,17,209.75,209.75,100.00%,100.00%,100.00%,08:28,15:07
CD JUAREZ,36,02-sep-13,512,14,14,0,0,14,334.5,330.5,100.00%,100.00%,98.80%,09:40,16:25
CD JUAREZ,36,03-sep-13,400,76,76,0,0,76,326.33,326.5,100.00%,100.00%,100.05%,08:12,18:31
CD JUAREZ,36,03-sep-13,403,45,45,0,0,44,229.58,224.33,100.00%,97.78%,97.71%,09:33,21:27
CD JUAREZ,36,03-sep-13,406,69,69,0,0,69,386.75,381,100.00%,100.00%,98.51%,08:32,19:27
CD JUAREZ,36,03-sep-13,407,91,91,0,0,88,333.67,323.83,100.00%,96.70%,97.05%,08:33,19:07
CD JUAREZ,36,03-sep-13,408,89,89,0,0,89,242.42,241.58,100.00%,100.00%,99.65%,10:16,16:45
CD JUAREZ,36,03-sep-13,409,51,51,0,0,51,283.17,287.17,100.00%,100.00%,101.41%,08:47,20:12
CD JUAREZ,36,03-sep-13,411,77,77,0,0,77,343.08,310.67,100.00%,100.00%,90.55%,08:24,20:52
CD JUAREZ,36,03-sep-13,412,84,84,0,0,84,256.08,251.08,100.00%,100.00%,98.05%,08:22,17:12
CD JUAREZ,36,03-sep-13,413,68,68,0,0,66,384,377.5,100.00%,97.06%,98.31%,08:59,19:01
CD JUAREZ,36,03-sep-13,414,90,90,0,0,90,284.42,282.42,100.00%,100.00%,99.30%,08:26,19:27
CD JUAREZ,36,03-sep-13,418,97,97,0,0,97,294.17,276.42,100.00%,100.00%,93.97%,08:27,18:34
CD JUAREZ,36,03-sep-13,419,96,96,0,0,96,321,298.33,100.00%,100.00%,92.94%,08:48,17:54
CD JUAREZ,36,03-sep-13,420,79,78,1,0,78,386.08,375.92,98.73%,98.73%,97.37%,08:17,17:23
CD JUAREZ,36,03-sep-13,424,80,80,0,0,80,251.75,243.83,100.00%,100.00%,96.85%,07:48,17:43
CD JUAREZ,36,03-sep-13,425,91,91,0,0,91,344.67,347.5,100.00%,100.00%,100.82%,08:37,19:58
CD JUAREZ,36,03-sep-13,426,84,84,0,0,84,271.92,268.08,100.00%,100.00%,98.59%,08:18,17:59
CD JUAREZ,36,03-sep-13,428,17,17,0,0,17,410.25,410.25,100.00%,100.00%,100.00%,08:47,16:44
CD JUAREZ,36,03-sep-13,500,5,5,0,0,4,709.67,698.42,100.00%,80.00%,98.41%,08:36,15:46
CD JUAREZ,36,03-sep-13,505,7,7,0,0,5,784.42,698.08,100.00%,71.43%,88.99%,09:58,16:09
CD JUAREZ,36,03-sep-13,510,15,15,0,0,15,240.83,237.75,100.00%,100.00%,98.72%,08:36,15:16
CD JUAREZ,36,03-sep-13,511,20,20,0,0,20,347.33,340.5,100.00%,100.00%,98.03%,08:21,16:12
CD JUAREZ,36,03-sep-13,512,18,18,0,0,18,409.5,409.5,100.00%,100.00%,100.00%,08:53,16:44
CD JUAREZ,36,03-sep-13,520,18,18,0,0,18,370,368.5,100.00%,100.00%,99.59%,18:08,20:19
CD JUAREZ,36,04-sep-13,400,59,59,0,0,59,287.67,284.17,100.00%,100.00%,98.78%,09:02,18:47
CD JUAREZ,36,04-sep-13,403,59,59,0,0,58,237.42,224.67,100.00%,98.31%,94.63%,09:52,20:55
CD JUAREZ,36,04-sep-13,406,90,90,0,0,90,292.58,291.5,100.00%,100.00%,99.63%,08:04,19:20
CD JUAREZ,36,04-sep-13,407,91,91,0,0,91,278.08,253.33,100.00%,100.00%,91.10%,17:40,19:56
CD JUAREZ,36,04-sep-13,408,83,81,0,2,81,329,297.92,97.59%,97.59%,90.55%,08:18,16:21
CD JUAREZ,36,04-sep-13,409,41,41,0,0,41,238.42,242.92,100.00%,100.00%,101.89%,09:48,23:50
CD JUAREZ,36,04-sep-13,411,87,87,0,0,87,257,242.17,100.00%,100.00%,94.23%,08:50,19:32
CD JUAREZ,36,04-sep-13,412,69,69,0,0,69,289.75,284.75,100.00%,100.00%,98.27%,07:55,18:20
CD JUAREZ,36,04-sep-13,413,40,40,0,0,39,556.5,541,100.00%,97.50%,97.21%,10:48,20:39
CD JUAREZ,36,04-sep-13,414,68,64,0,4,64,285.58,283.58,94.12%,94.12%,99.30%,09:25,19:33
CD JUAREZ,36,04-sep-13,418,73,73,0,0,73,416,396.67,100.00%,100.00%,95.35%,10:31,21:40
CD JUAREZ,36,04-sep-13,419,81,81,0,0,81,352.42,352.42,100.00%,100.00%,100.00%,08:57,18:32
CD JUAREZ,36,04-sep-13,420,85,85,0,0,85,273.58,264.08,100.00%,100.00%,96.53%,08:57,16:34
CD JUAREZ,36,04-sep-13,424,86,85,1,0,85,265.5,263.33,98.84%,98.84%,99.18%,08:47,19:27
CD JUAREZ,36,04-sep-13,425,78,78,0,0,78,246.67,245.17,100.00%,100.00%,99.39%,09:02,18:02
CD JUAREZ,36,04-sep-13,426,80,80,0,0,80,304.58,289.58,100.00%,100.00%,95.08%,08:24,18:15
CD JUAREZ,36,04-sep-13,428,16,16,0,0,16,552,552,100.00%,100.00%,100.00%,09:07,17:19
CD JUAREZ,36,04-sep-13,500,4,4,0,0,3,529.33,412.83,100.00%,75.00%,77.99%,08:49,14:51
CD JUAREZ,36,04-sep-13,505,5,5,0,0,5,243.92,232.92,100.00%,100.00%,95.49%,08:38,15:09
CD JUAREZ,36,04-sep-13,510,16,16,0,0,15,242.75,226.92,100.00%,93.75%,93.48%,07:52,14:27
CD JUAREZ,36,04-sep-13,511,14,14,0,0,14,325.17,319,100.00%,100.00%,98.10%,08:29,13:16
CD JUAREZ,36,04-sep-13,512,14,14,0,0,14,247,243.5,100.00%,100.00%,98.58%,17:18,17:49
CD JUAREZ,36,04-sep-13,520,15,15,0,0,14,347,340.75,100.00%,93.33%,98.20%,08:31,16:11
CD JUAREZ,36,05-sep-13,400,82,81,0,1,81,303.75,290.83,98.78%,98.78%,95.75%,08:16,18:07
CD JUAREZ,36,05-sep-13,403,40,40,0,0,39,164.25,156.75,100.00%,97.50%,95.43%,09:08,18:01
CD JUAREZ,36,05-sep-13,406,69,69,0,0,69,490.42,480.92,100.00%,100.00%,98.06%,08:30,20:27
CD JUAREZ,36,05-sep-13,407,89,89,0,0,86,303.67,289.08,100.00%,96.63%,95.20%,08:05,19:34
CD JUAREZ,36,05-sep-13,408,93,93,0,0,93,295.75,289.17,100.00%,100.00%,97.78%,07:49,16:56
CD JUAREZ,36,05-sep-13,409,51,51,0,0,51,255.58,257.58,100.00%,100.00%,100.78%,07:55,19:43
CD JUAREZ,36,05-sep-13,411,77,77,0,0,77,375.33,363.67,100.00%,100.00%,96.89%,09:10,21:03
CD JUAREZ,36,05-sep-13,412,72,72,0,0,72,376.17,370.67,100.00%,100.00%,98.54%,08:22,17:55
CD JUAREZ,36,05-sep-13,414,90,90,0,0,90,271.83,269.33,100.00%,100.00%,99.08%,08:32,20:00
CD JUAREZ,36,05-sep-13,418,82,82,0,0,82,213.17,201,100.00%,100.00%,94.29%,08:28,19:32
CD JUAREZ,36,05-sep-13,419,73,73,0,0,73,254.42,249.92,100.00%,100.00%,98.23%,08:23,15:57
CD JUAREZ,36,05-sep-13,420,70,70,0,0,70,398.67,390.17,100.00%,100.00%,97.87%,08:14,16:45
CD JUAREZ,36,05-sep-13,424,77,77,0,0,77,209.75,212.92,100.00%,100.00%,101.51%,08:31,17:40
CD JUAREZ,36,05-sep-13,425,58,58,0,0,58,278.42,273.58,100.00%,100.00%,98.26%,08:30,19:08
CD JUAREZ,36,05-sep-13,426,94,93,1,0,93,317.67,301.67,98.94%,98.94%,94.96%,08:47,19:10
CD JUAREZ,36,05-sep-13,428,11,11,0,0,11,255,247,100.00%,100.00%,96.86%,07:57,15:08
CD JUAREZ,36,05-sep-13,500,3,3,0,0,3,808.33,913.33,100.00%,100.00%,112.99%,09:04,13:38
CD JUAREZ,36,05-sep-13,505,4,4,0,0,4,238.67,228.67,100.00%,100.00%,95.81%,09:03,15:01
CD JUAREZ,36,05-sep-13,510,17,17,0,0,17,425.08,431.83,100.00%,100.00%,101.59%,09:13,16:54
CD JUAREZ,36,05-sep-13,511,17,17,0,0,17,364.83,362.58,100.00%,100.00%,99.38%,08:27,16:48
CD JUAREZ,36,05-sep-13,512,17,17,0,0,17,304.75,302.25,100.00%,100.00%,99.18%,08:46,15:36
CD JUAREZ,36,05-sep-13,520,16,16,0,0,16,257.42,255.17,100.00%,100.00%,99.13%,08:46,17:54
CD JUAREZ,36,06-sep-13,400,54,53,0,1,53,370.25,363.75,98.15%,98.15%,98.24%,08:29,18:34
CD JUAREZ,36,06-sep-13,403,43,42,0,1,41,314.42,306.92,97.67%,95.35%,97.61%,09:17,18:22
CD JUAREZ,36,06-sep-13,406,89,89,0,0,87,308.33,308,100.00%,97.75%,99.89%,08:29,19:15
CD JUAREZ,36,06-sep-13,407,84,84,0,0,81,277,249.67,100.00%,96.43%,90.13%,08:48,18:28
CD JUAREZ,36,06-sep-13,408,85,85,0,0,85,346.83,342.5,100.00%,100.00%,98.75%,08:48,16:56
CD JUAREZ,36,06-sep-13,409,31,31,0,0,31,207.08,207.58,100.00%,100.00%,100.24%,08:06,17:33
CD JUAREZ,36,06-sep-13,411,91,91,0,0,91,273.41,256.08,100.00%,100.00%,93.66%,09:11,20:51
CD JUAREZ,36,06-sep-13,412,65,65,0,0,63,484.17,466.83,100.00%,96.92%,96.42%,07:50,18:20
CD JUAREZ,36,06-sep-13,413,33,33,0,0,33,357,356.25,100.00%,100.00%,99.79%,10:20,17:13
CD JUAREZ,36,06-sep-13,414,76,73,3,0,70,312.33,301.5,96.05%,92.11%,96.53%,08:28,19:52
CD JUAREZ,36,06-sep-13,418,74,73,1,0,73,265.83,247.67,98.65%,98.65%,93.17%,08:44,19:13
CD JUAREZ,36,06-sep-13,419,90,90,0,0,90,358.67,344.25,100.00%,100.00%,95.98%,08:25,17:22
CD JUAREZ,36,06-sep-13,420,85,85,0,0,85,267.08,255.75,100.00%,100.00%,95.76%,08:15,17:09
CD JUAREZ,36,06-sep-13,424,93,93,0,0,92,327.58,317.91,100.00%,98.92%,97.05%,09:04,21:10
CD JUAREZ,36,06-sep-13,425,78,78,0,0,78,337.75,329.42,100.00%,100.00%,97.53%,08:02,17:18
CD JUAREZ,36,06-sep-13,426,89,89,0,0,89,428,416.67,100.00%,100.00%,97.35%,08:43,20:51
CD JUAREZ,36,06-sep-13,428,20,20,0,0,20,484,479,100.00%,100.00%,98.97%,07:39,15:50
CD JUAREZ,36,06-sep-13,500,3,3,0,0,3,295.33,420.83,100.00%,100.00%,142.49%,07:17,12:57
CD JUAREZ,36,06-sep-13,505,5,5,0,0,4,347.58,271.08,100.00%,80.00%,77.99%,08:22,15:35
CD JUAREZ,36,06-sep-13,510,14,14,0,0,13,243.42,225,100.00%,92.86%,92.43%,08:52,13:40
CD JUAREZ,36,06-sep-13,511,14,14,0,0,14,268.75,265.75,100.00%,100.00%,98.88%,07:52,15:13
CD JUAREZ,36,06-sep-13,512,14,14,0,0,14,341.17,337.83,100.00%,100.00%,99.02%,08:36,15:41
CD JUAREZ,36,06-sep-13,520,14,14,0,0,14,356.17,352.67,100.00%,100.00%,99.02%,08:23,16:55
CD JUAREZ,36,07-sep-13,400,83,82,0,1,82,370.75,365.17,98.80%,98.80%,98.49%,08:52,19:04
CD JUAREZ,36,07-sep-13,403,41,40,1,0,40,209.92,216.42,97.56%,97.56%,103.10%,09:31,19:20
CD JUAREZ,36,07-sep-13,406,62,62,0,0,61,427.42,423.92,100.00%,98.39%,99.18%,08:03,19:30
CD JUAREZ,36,07-sep-13,407,90,90,0,0,87,328.5,319.83,100.00%,96.67%,97.36%,08:28,19:36
CD JUAREZ,36,07-sep-13,408,89,89,0,0,89,276.17,272.67,100.00%,100.00%,98.73%,08:16,16:25
CD JUAREZ,36,07-sep-13,409,50,50,0,0,50,227.75,230.25,100.00%,100.00%,101.10%,08:13,17:19
CD JUAREZ,36,07-sep-13,411,77,77,0,0,77,290.42,285.17,100.00%,100.00%,98.19%,08:31,19:31
CD JUAREZ,36,07-sep-13,412,80,79,1,0,75,450.5,435.83,98.75%,93.75%,96.74%,09:06,21:18
CD JUAREZ,36,07-sep-13,413,63,63,0,0,62,431.92,410.75,100.00%,98.41%,95.10%,09:40,18:36
CD JUAREZ,36,07-sep-13,414,91,91,0,0,89,316.83,311.83,100.00%,97.80%,98.42%,09:54,20:42
CD JUAREZ,36,07-sep-13,418,86,86,0,0,86,233.75,213,100.00%,100.00%,91.12%,09:09,19:38
CD JUAREZ,36,07-sep-13,419,87,87,0,0,87,358.42,349.75,100.00%,100.00%,97.58%,08:35,19:42
CD JUAREZ,36,07-sep-13,420,75,74,1,0,74,322.08,321.58,98.67%,98.67%,99.84%,08:39,17:56
CD JUAREZ,36,07-sep-13,424,77,77,0,0,77,271.91,273.75,100.00%,100.00%,100.68%,08:51,18:53
CD JUAREZ,36,07-sep-13,425,85,68,0,17,68,339.16,307.08,80.00%,80.00%,90.54%,09:24,20:11
CD JUAREZ,36,07-sep-13,426,90,89,1,0,88,307.58,297.75,98.89%,97.78%,96.80%,09:06,18:26
CD JUAREZ,36,07-sep-13,428,12,12,0,0,11,297.25,287.25,100.00%,91.67%,96.64%,07:11,14:56
CD JUAREZ,36,07-sep-13,500,4,4,0,0,4,627.75,626.75,100.00%,100.00%,99.84%,08:52,15:38
CD JUAREZ,36,07-sep-13,505,4,4,0,0,4,288.83,288.33,100.00%,100.00%,99.83%,08:38,14:45
CD JUAREZ,36,07-sep-13,510,17,17,0,0,17,254.42,251.42,100.00%,100.00%,98.82%,08:24,14:46
CD JUAREZ,36,07-sep-13,511,18,18,0,0,18,218.83,215.33,100.00%,100.00%,98.40%,08:56,14:23
